problem_id,problem,cleaned_references,cleaned_response,model,image_in_problem
2017_AIME_I_Problems_14,Let \(a > 1\) and \(x > 1\) satisfy \(\log_a(\log_a(\log_a 2) + \log_a 24 - 128) = 128\) and \(\log_a(\log_a x) = 256\). Find the remainder when \(x\) is divided by \(1000\).,"Solution 1. The first condition implies
\(a^{128} = \log_a\log_a 2 + \log_a 24 - 128\)
\(128+a^{128} = \log_a\log_a 2^{24}\)
\(a^{a^{128}a^{a^{128}}} = 2^{24}\)
\(\left(a^{a^{128}}\right)^{\left(a^{a^{128}}\right)} = 2^{24} = 8^8\)
So \(a^{a^{128}} = 8\). 
Putting each side to the power of \(128\):
\(\left(a^{128}\right)^{\left(a^{128}\right)} = 8^{128} = 64^{64},\)
so \(a^{128} = 64 \implies a = 2^{\frac{3}{64}}\). Specifically,
\(\log_a(x) = \frac{\log_2(x)}{\log_2(a)} = \frac{64}{3}\log_2(x)\)
so we have that
\(256 = \log_a(\log_a(x)) = \frac{64}{3}\log_2\left(\frac{64}{3}\log_2(x)\right)\)
\(12 = \log_2\left(\frac{64}{3}\log_2(x)\right)\)
\(2^{12} = \frac{64}{3}\log_2(x)\)
\(192 = \log_2(x)\)
\(x = 2^{192}\)
We only wish to find \(x\bmod 1000\). To do this, we note that \(x\equiv 0\bmod 8\) and now, by the Chinese Remainder Theorem, wish only to find \(x\bmod 125\). By Euler's Totient Theorem:
\(2^{\phi(125)} = 2^{100} \equiv 1\bmod 125\)
so
\(2^{192} \equiv \frac{1}{2^8} \equiv \frac{1}{256} \equiv \frac{1}{6} \bmod 125\)
so we only need to find the inverse of \(6 \bmod 125\). It is easy to realize that \(6\cdot 21 = 126 \equiv 1\bmod 125\), so 
\(x\equiv 21\bmod 125, x\equiv 0\bmod 8.\)
Using Chinese Remainder Theorem, we get that \(x\equiv \boxed{896}\bmod 1000\), finishing the solution.


<br><br><br><br>==========<br><br>
Solution 2. \(\log_a(\log_a(\log_a 2) + \log_a 24 - 128) = 128\)
\(\implies \log_a(\log_a 2))+\log_a(24)=a^{128}+128\)
\(\implies \log_a(\log_a 2^{24})=a^{128}+128\)
\(\implies 2^{24}=a^{a^{(a^{128}+128)}}\)
Obviously letting \(a=2^y\) will simplify a lot and to make the \(a^{128}\) term simpler, let \(a=2^{\frac{y}{128}}\). Then, 
\(2^{24}=2^{\frac{y}{128} \cdot 2^{\frac{y}{128} \cdot (2^y+128)}}=2^{\frac{y}{128} \cdot 2^{y \cdot (2^{y-7}+1)}}\)
\(\implies 24=\frac{y}{128} \cdot 2^{y \cdot (2^{y-7}+1)}\)
\(\implies 3 \cdot 2^{10}=y \cdot 2^{y \cdot (2^{y-7}+1)}\)
Obviously, \(y\) is \(3\) times a power of \(2\). (It just makes sense.) Testing, we see \(y=6\) satisfy the equation so \(a=2^{\frac{3}{64}}\). Therefore, \(x=2^{192} \equiv \boxed{896} \pmod{1000}\)","Let \( a = 2^{k} \) where \( k = \frac{3}{64} \). This substitution simplifies logarithmic expressions by leveraging powers of 2. 

**Step 1: Solve for \( a \):**
- From the first equation:
  \(
  \log_a(\log_a(\log_a 2) + \log_a 24 - 128) = 128
  \)
  Substituting \( a = 2^{k} \), we compute:
  \(
  \log_a 2 = \frac{1}{k}, \quad \log_a 24 = \frac{\log_2 24}{k}
  \)
  Let \( \log_2 24 = \log_2 (8 \cdot 3) = 3 + \log_2 3 \). However, noticing \( a = 2^{3/64} \) satisfies the equation, we directly use this \( a \).

**Step 2: Solve for \( x \):**
- The second equation:
  \(
  \log_a(\log_a x) = 256 \implies \log_a x = a^{256}
  \)
  Since \( a = 2^{3/64} \), compute \( a^{256} = 2^{(3/64) \cdot 256} = 2^{12} = 4096 \). Thus:
  \(
  \log_a x = 4096 \implies x = a^{4096} = 2^{(3/64) \cdot 4096} = 2^{192}
  \)

**Step 3: Compute \( x \mod 1000 \):**
- Use direct modular exponentiation for \( 2^{192} \mod 1000 \):
  - \( 2^{10} \equiv 24 \mod 1000 \)
  - \( 2^{20} \equiv 24^2 = 576 \mod 1000 \)
  - \( 2^{40} \equiv 576^2 = 331776 \equiv 776 \mod 1000 \)
  - \( 2^{80} \equiv 776^2 = 602176 \equiv 176 \mod 1000 \)
  - \( 2^{160} \equiv 176^2 = 30976 \equiv 976 \mod 1000 \)
  - \( 2^{32} \equiv (2^{20} \cdot 2^{10} \cdot 2^2) \equiv 576 \cdot 24 \cdot 4 = 55296 \equiv 296 \mod 1000 \)
  - \( 2^{192} = 2^{160} \cdot 2^{32} \equiv 976 \cdot 296 \equiv 288,896 \equiv 896 \mod 1000 \)

Thus, the remainder when \( x \) is divided by 1000 is \(\boxed{896}\).",deepseek-reasoner_Claude_correctness_randomly_selected_novelty,
2022_AIME_I_Problems_4,"Let \(w = \dfrac{\sqrt{3} + i}{2}\) and \(z = \dfrac{-1 + i\sqrt{3}}{2},\) where \(i = \sqrt{-1}.\) Find the number of ordered pairs \((r,s)\) of positive integers not exceeding \(100\) that satisfy the equation \(i \cdot w^r = z^s.\)","Solution 1. We rewrite \(w\) and \(z\) in polar form:
\begin{align*} w &= e^{i\cdot\frac{\pi}{6}}, \\ z &= e^{i\cdot\frac{2\pi}{3}}. \end{align*}
The equation \(i \cdot w^r = z^s\) becomes
\begin{align*} e^{i\cdot\frac{\pi}{2}} \cdot \left(e^{i\cdot\frac{\pi}{6}}\right)^r &= \left(e^{i\cdot\frac{2\pi}{3}}\right)^s \\ e^{i\left(\frac{\pi}{2}+\frac{\pi}{6}r\right)} &= e^{i\left(\frac{2\pi}{3}s\right)} \\ \frac{\pi}{2}+\frac{\pi}{6}r &= \frac{2\pi}{3}s+2\pi k \\ 3+r &= 4s+12k \\ 3+r &= 4(s+3k). \end{align*}
for some integer \(k.\)
Since \(4\leq 3+r\leq 103\) and \(4\mid 3+r,\) we conclude that
\begin{align*} 3+r &\in \{4,8,12,\ldots,100\}, \\ s+3k &\in \{1,2,3,\ldots,25\}. \end{align*}
Note that the values for \(s+3k\) and the values for \(r\) have one-to-one correspondence.
We apply casework to the values for \(s+3k:\)
Together, the answer is \(264+306+264=\boxed{834}.\)","We start by recognizing that \( w = \frac{\sqrt{3} + i}{2} \) and \( z = \frac{-1 + i\sqrt{3}}{2} \) are roots of unity. 
Notice that multiplying \( w \) by \( i \) gives \( z \):
\(
i \cdot w = i \cdot \frac{\sqrt{3} + i}{2} = \frac{-\!1 + i\sqrt{3}}{2} = z.
\)
Thus, the equation \( i \cdot w^r = z^s \) becomes:
\(
z \cdot w^{r-1} = z^s \implies w^{r-1} = z^{s-1}.
\)
Since \( w \) is a primitive 12th root of unity and \( z \) is a primitive 3rd root, \( w^{r-1} \) must equal a 3rd root of unity. This occurs when \( r-1 \equiv 0, 4, 8 \pmod{12} \), corresponding to \( w^{r-1} = 1, z, z^2 \), respectively. For each case:

1. \( r \equiv 1 \pmod{12} \) (9 values: \( r = 1,13,\ldots,97 \))  
   \( w^{r-1} = 1 \implies z^{s-1} = 1 \implies s \equiv 1 \pmod{3} \) (34 values: \( s = 1,4,\ldots,100 \)).  
   \( 9 \times 34 = 306 \).

2. \( r \equiv 5 \pmod{12} \) (8 values: \( r = 5,17,\ldots,89 \))  
   \( w^{r-1} = z \implies z^{s-1} = z \implies s \equiv 2 \pmod{3} \) (33 values: \( s = 2,5,\ldots,98 \)).  
   \( 8 \times 33 = 264 \).

3. \( r \equiv 9 \pmod{12} \) (8 values: \( r = 9,21,\ldots,93 \))  
   \( w^{r-1} = z^2 \implies z^{s-1} = z^2 \implies s \equiv 0 \pmod{3} \) (33 values: \( s = 3,6,\ldots,99 \)).  
   \( 8 \times 33 = 264 \).

Summing these, the total number of ordered pairs is:
\(
306 + 264 + 264 = \boxed{834}.
\)",deepseek-reasoner_Claude_correctness_randomly_selected_novelty,
2000_AIME_II_Problems_5,"Given eight distinguishable rings, let \(n\) be the number of possible five-ring arrangements on the four fingers (not the thumb) of one hand. The order of rings on each finger is significant, but it is not required that each finger have a ring. Find the leftmost three nonzero digits of \(n\).","Solution 1. There are \(\binom{8}{5}\) ways to choose the rings, and there are \(5!\) distinct arrangements to order the rings [we order them so that the first ring is the bottom-most on the first finger that actually has a ring, and so forth]. The number of ways to distribute the rings among the fingers is equivalent the number of ways we can drop five balls into 4 urns, or similarly dropping five balls into four compartments split by three dividers. The number of ways to arrange those dividers and balls is just \(\binom {8}{3}\).
Multiplying gives the answer: \(\binom{8}{5}\binom{8}{3}5! = 376320\), and the three leftmost digits are \(\boxed{376}\).","We first select 5 rings out of 8, which can be done in \(\binom{8}{5}\) ways. For each selected set of 5 rings, we determine the number of valid arrangements on the four fingers. 

When placing the first ring, there are 4 choices (one per finger). For the second ring, there are 5 choices: it can go on any of the 4 fingers (either as the first ring on an empty finger or inserted above/below the existing ring on an occupied finger). Continuing this pattern, the \(k\)-th ring has \((3 + k)\) placement options (since each new ring adds a position to one finger). Thus, the total number of arrangements for the 5 rings is:
\(
4 \times 5 \times 6 \times 7 \times 8 = 6720.
\)
Multiplying by the number of ways to choose the rings gives:
\(
\binom{8}{5} \times 6720 = 56 \times 6720 = 376320.
\)
The leftmost three nonzero digits of \(n\) are \(\boxed{376}\).",deepseek-reasoner_Claude_correctness_randomly_selected_novelty,
2023_AIME_II_Problems_10,"Let \(N\) be the number of ways to place the integers \(1\) through \(12\) in the \(12\) cells of a \(2 \times 6\) grid so that for any two cells sharing a side, the difference between the numbers in those cells is not divisible by \(3.\) One way to do this is shown below. Find the number of positive integer divisors of \(N.\)
\(\begin{array}{|c|c|c|c|c|c|} \hline \,1\, & \,3\, & \,5\, & \,7\, & \,9\, & 11 \\ \hline \,2\, & \,4\, & \,6\, & \,8\, & 10 & 12 \\ \hline \end{array}\)","Solution 1. We replace the numbers which are 0 mod(3) to 0, 1 mod(3) to 1, and 2 mod(3) to 2.
Then, the problem is equivalent to arranging 4 0's,4 1's, and 4 2's into the grid (and then multiplying by \(4!^3\) to account for replacing the remainder numbers with actual numbers) such that no 2 of the same numbers are adjacent. 
Then, the numbers which are vertically connected must be different. 2 1s must be connected with 2 2s, and 2 1s must be connected with 2 2s (vertically), as if there are less 1s connected with either, then there will be 2s or 3s which must be connected within the same number.
For instance if we did did:
- 12 x 3
- 13 x 1
Then we would be left with 23 x1, and 2 remaining 3s which aren't supposed to be connected, so it is impossible. Similar logic works for why all 1s can't be connected with all 2s. 

Thus, we are left with the problem of re-arranging 2x 12 pairs, 2x 13 pairs, 2x 23 pairs. Notice that the pairs can be re-arranged horizontally in any configuration, but when 2 pairs are placed adjacent there is only 1 configuration for the rightmost pair to be set after the leftmost one has been placed.
We have \(\frac{6!}{2!2!2!}=90\) ways to horizontally re-arrange the pairs, with 2 ways to set the initial leftmost column. Thus, there are 180 ways to arrange the pairs. Accounting for the initial simplification of the problem with 1-12 -> 0-3, we obtain the answer is: 
\(2488320=2^{11}\cdot3^5\cdot5^1\)
The number of divisors is: \(12\cdot6\cdot2=\boxed{144}.\)","We model the problem as a 3-coloring of the 2×6 grid where adjacent cells (including vertical and horizontal) have different colors. Each color corresponds to a residue class modulo 3. The number of valid colorings is computed via a transition matrix, then multiplied by permutations within each residue class.

1. **Residue Classes:** Assign residues 0,1,2 to numbers ≡0,1,2 mod3. There are 4 numbers in each class, permutable in \(4!^3\) ways.

2. **State Representation:** Each column is a state \((a,b)\) where \(a \neq b\). There are 6 states: \((0,1), (0,2), (1,0), (1,2), (2,0), (2,1)\).

3. **Transition Matrix \(T\):** Define transitions between states where consecutive columns avoid horizontal conflicts. Construct \(T\) based on valid adjacent column pairs.

4. **Matrix Exponentiation:** Compute \(T^5\) (for 6 columns) and multiply by the initial vector \([1,1,1,1,1,1]\). Summing entries gives 180 valid colorings.

5. **Total Arrangements:** Multiply by permutations: \(180 \times 24^3 = 2,\!488,\!320\).

6. **Prime Factorization:** \(2^{11} \cdot 3^5 \cdot 5\). The number of divisors is \((11+1)(5+1)(1+1) = 144\).

**Answer:** \(\boxed{144}\)",deepseek-reasoner_Claude_correctness_randomly_selected_novelty,
1990_AIME_Problems_3,Let \(P_1^{}\) be a regular polygon and \(P_2^{}\) be a regular polygon \((r\geq s\geq 3)\) such that each interior angle of \(P_1^{}\) is \(\frac{59}{58}\) as large as each interior angle of \(P_2^{}\). What's the largest possible value of \(s_{}^{}\)?,"Solution 1. The formula for the interior angle of a regular sided polygon is \(\frac{(n-2)180}{n}\). 
Thus, \(\frac{\frac{(r-2)180}{r}}{\frac{(s-2)180}{s}} = \frac{59}{58}\). Cross multiplying and simplifying, we get \(\frac{58(r-2)}{r} = \frac{59(s-2)}{s}\). Cross multiply and combine like terms again to yield \(58rs - 58 \cdot 2s = 59rs - 59 \cdot 2r \Longrightarrow 118r - 116s = rs\). Solving for \(r\), we get \(r = \frac{116s}{118 - s}\).
\(r \ge 0\) and \(s \ge 0\), making the numerator of the fraction positive. To make the denominator positive, \(s < 118\); the largest possible value of \(s\) is \(117\).
This is achievable because the denominator is \(1\), making \(r\) a positive number \(116 \cdot 117\) and \(s = \boxed{117}\).


<br><br><br><br>==========<br><br>
Solution 2. Like above, use the formula for the interior angles of a regular sided polygon.

\(\frac{(r-2)180}{r} = \frac{59}{58} * \frac{(s-2)180}{s}\)

\(59 * 180 * (s-2) * r = 58 * 180 * (r-2) * s\)

\(59 * (rs - 2r) = 58 * (rs - 2s)\)

\(rs - 118r = -116s\)

\(rs = 118r-116s\)

This equation tells us \(s\) divides \(118r\). If \(s\) specifically divides 118 then the highest it can be is 118. However, this gives an equation with no solution. The second largest possibility in this case is \(s=59\), which does give a solution: \(s=59, r=116\). Although, the problem asks for \(s\), not \(r\). The only conceivable reasoning behind this is that \(r\) is greater than 1000. This prompts us to look into the second case, where \(s\) divides \(r\). Make \(r = s * k\). Rewrite the equation using this new information.

\(s * s * k = 118 * s * k - 116 * s\)

\(s * k = 118 * k - 116\)

Now we now k divides 116. The larger k is, the larger s will be, so we set k to be the maximum: 116.

\(s * 116 = 118 * 116 - 116\)

\(s = 118 - 1\)

\(s = \boxed{117}\)
","We start with the equation derived from the ratio of interior angles:
\(
\frac{\frac{(r-2)}{r}}{\frac{(s-2)}{s}} = \frac{59}{58} \implies \frac{58(r-2)}{r} = \frac{59(s-2)}{s}.
\)
Cross-multiplying and simplifying:
\(
58rs - 116s = 59rs - 118r \implies rs - 118r + 116s = 0.
\)
Rewriting this as:
\(
(r + 116)(118 - s) = 116 \times 118,
\)
we recognize that \(118 - s\) must be a positive integer divisor of \(116 \times 118\). To maximize \(s\), we minimize \(118 - s\). The smallest divisor is \(1\), giving:
\(
118 - s = 1 \implies s = 117.
\)
Substituting \(s = 117\) into \((r + 116)(1) = 116 \times 118\) yields \(r = 116 \times 117 - 116 = 116 \times 116\). Thus, the largest possible value of \(s\) is \(\boxed{117}\).",deepseek-reasoner_Claude_correctness_randomly_selected_novelty,
1990_AIME_Problems_3,Let \(P_1^{}\) be a regular polygon and \(P_2^{}\) be a regular polygon \((r\geq s\geq 3)\) such that each interior angle of \(P_1^{}\) is \(\frac{59}{58}\) as large as each interior angle of \(P_2^{}\). What's the largest possible value of \(s_{}^{}\)?,"Solution 1. The formula for the interior angle of a regular sided polygon is \(\frac{(n-2)180}{n}\). 
Thus, \(\frac{\frac{(r-2)180}{r}}{\frac{(s-2)180}{s}} = \frac{59}{58}\). Cross multiplying and simplifying, we get \(\frac{58(r-2)}{r} = \frac{59(s-2)}{s}\). Cross multiply and combine like terms again to yield \(58rs - 58 \cdot 2s = 59rs - 59 \cdot 2r \Longrightarrow 118r - 116s = rs\). Solving for \(r\), we get \(r = \frac{116s}{118 - s}\).
\(r \ge 0\) and \(s \ge 0\), making the numerator of the fraction positive. To make the denominator positive, \(s < 118\); the largest possible value of \(s\) is \(117\).
This is achievable because the denominator is \(1\), making \(r\) a positive number \(116 \cdot 117\) and \(s = \boxed{117}\).


<br><br><br><br>==========<br><br>
Solution 2. Like above, use the formula for the interior angles of a regular sided polygon.

\(\frac{(r-2)180}{r} = \frac{59}{58} * \frac{(s-2)180}{s}\)

\(59 * 180 * (s-2) * r = 58 * 180 * (r-2) * s\)

\(59 * (rs - 2r) = 58 * (rs - 2s)\)

\(rs - 118r = -116s\)

\(rs = 118r-116s\)

This equation tells us \(s\) divides \(118r\). If \(s\) specifically divides 118 then the highest it can be is 118. However, this gives an equation with no solution. The second largest possibility in this case is \(s=59\), which does give a solution: \(s=59, r=116\). Although, the problem asks for \(s\), not \(r\). The only conceivable reasoning behind this is that \(r\) is greater than 1000. This prompts us to look into the second case, where \(s\) divides \(r\). Make \(r = s * k\). Rewrite the equation using this new information.

\(s * s * k = 118 * s * k - 116 * s\)

\(s * k = 118 * k - 116\)

Now we now k divides 116. The larger k is, the larger s will be, so we set k to be the maximum: 116.

\(s * 116 = 118 * 116 - 116\)

\(s = 118 - 1\)

\(s = \boxed{117}\)



<br><br><br><br>==========<br><br>
Solution 3. As in above, we have \(rs = 118r - 116s.\) This means that \(rs + 116s - 118r = 0.\) Using SFFT we obtain \(s(r+116) - 118(r+116) = -118 \cdot 116 \implies (s-118)(r+116) = -118 \cdot 116.\) Since \(r+116\) is always positive, we know thta \(s-118\) must be negative. Therefore the maximum value of \(s\) must be \(\boxed{117}\) which indeed yields an integral value of \(r.\)","Starting from the derived equation:
\(
rs = 118r - 116s
\)
Rearrange to isolate \(r\):
\(
r(s - 118) = -116s \implies r = \frac{-116s}{s - 118}
\)
Since \(r\) must be a positive integer, the denominator \(s - 118\) must be negative to cancel the negative numerator. Thus:
\(
s - 118 < 0 \implies s < 118
\)
The largest integer \(s\) satisfying this is \(s = 117\). Substitute \(s = 117\) into the equation:
\(
r = \frac{-116 \cdot 117}{117 - 118} = \frac{-116 \cdot 117}{-1} = 116 \cdot 117
\)
This yields \(r = 13572\), a valid positive integer greater than \(s\). Therefore, the largest possible value of \(s\) is \(\boxed{117}\).",deepseek-reasoner_Claude_correctness_randomly_selected_novelty,
1994_AIME_Problems_10,"In triangle \(ABC,\,\) angle \(C\) is a right angle and the altitude from \(C\,\) meets \(\overline{AB}\,\) at \(D.\,\)  The lengths of the sides of \(\triangle ABC\,\) are integers, \(BD=29^3,\,\) and \(\cos B=m/n\,\), where \(m\,\) and \(n\,\) are relatively prime positive integers.  Find \(m+n.\,\)","Solution 1. Since \(\triangle ABC \sim \triangle CBD\), we have \(\frac{BC}{AB} = \frac{29^3}{BC} \Longrightarrow BC^2 = 29^3 AB\). It follows that \(29^2 | BC\) and \(29 | AB\), so \(BC\) and \(AB\) are in the form \(29^2 x\) and \(29 x^2\), respectively, where x is an integer. 
By the Pythagorean Theorem, we find that \(AC^2 + BC^2 = AB^2 \Longrightarrow (29^2x)^2 + AC^2 = (29 x^2)^2\), so \(29x | AC\). Letting \(y = AC / 29x\), we obtain after dividing through by \((29x)^2\), \(29^2 = x^2 - y^2 = (x-y)(x+y)\). As \(x,y \in \mathbb{Z}\), the pairs of factors of \(29^2\) are \((1,29^2)(29,29)\); clearly \(y = \frac{AC}{29x} \neq 0\), so \(x-y = 1, x+y= 29^2\). Then, \(x = \frac{1+29^2}{2} = 421\).
Thus, \(\cos B = \frac{BC}{AB} = \frac{29^2 x}{29x^2} = \frac{29}{421}\), and \(m+n = \boxed{450}\).","To solve the problem, we start by noting that \(\triangle ABC\) is a right triangle with integer sides, and the altitude from \(C\) to \(AB\) intersects \(AB\) at \(D\) with \(BD = 29^3\). We need to find \(\cos B\) and the sum \(m + n\) where \(\cos B = \frac{m}{n}\) in simplest form.

1. **Using Similar Triangles**:
   - Since \(\triangle ABC \sim \triangle CBD\), we have \(\frac{BC}{AB} = \frac{BD}{BC}\). This gives \(BC^2 = 29^3 \cdot AB\).
   - Let \(BC = 29^2 x\) and \(AB = 29 x^2\) for some integer \(x\). This ensures \(BC^2 = 29^3 \cdot AB\).

2. **Applying the Pythagorean Theorem**:
   - For \(\triangle ABC\), we have \(AC^2 + BC^2 = AB^2\). Substituting \(BC = 29^2 x\) and \(AB = 29 x^2\), we get:
     \(
     (29^2 x)^2 + AC^2 = (29 x^2)^2
     \)
   - Simplifying, we find \(AC^2 = (29 x^2)^2 - (29^2 x)^2 = 29^2 x^2 (x^2 - 29^2)\). Thus, \(AC = 29 x \sqrt{x^2 - 29^2}\).

3. **Solving for \(x\)**:
   - For \(AC\) to be an integer, \(\sqrt{x^2 - 29^2}\) must be an integer. Let \(x^2 - 29^2 = y^2\), which factors as \((x - y)(x + y) = 29^2\).
   - The factor pairs of \(29^2\) are \((1, 29^2)\) and \((29, 29)\). Using \((1, 29^2)\), we solve:
     \(
     x - y = 1 \quad \text{and} \quad x + y = 29^2
     \)
     Adding these equations, we get \(2x = 1 + 841 \implies x = 421\).

4. **Calculating \(\cos B\)**:
   - Substituting \(x = 421\) into \(BC\) and \(AB\), we find:
     \(
     BC = 29^2 \cdot 421 \quad \text{and} \quad AB = 29 \cdot 421^2
     \)
   - Thus, \(\cos B = \frac{BC}{AB} = \frac{29^2 \cdot 421}{29 \cdot 421^2} = \frac{29}{421}\).

5. **Final Result**:
   - The fraction \(\frac{29}{421}\) is in simplest form, so \(m = 29\) and \(n = 421\). Therefore, \(m + n = 29 + 421 = 450\).

\(
\boxed{450}
\)",deepseek-reasoner_Claude_correctness_randomly_selected_novelty,
2003_AIME_II_Problems_7,"Find the area of rhombus \(ABCD\) given that the circumradii of triangles \(ABD\) and \(ACD\) are \(12.5\) and \(25\), respectively.","Solution 1. The diagonals of the rhombus perpendicularly bisect each other. Call half of diagonal BD \(a\) and half of diagonal AC \(b\). The length of the four sides of the rhombus is \(\sqrt{a^2+b^2}\). 
The area of any triangle can be expressed as \(\frac{a\cdot b\cdot c}{4R}\), where \(a\), \(b\), and \(c\) are the sides and \(R\) is the circumradius. Thus, the area of \(\triangle ABD\) is \(ab=2a(a^2+b^2)/(4\cdot12.5)\). Also, the area of \(\triangle ABC\) is \(ab=2b(a^2+b^2)/(4\cdot25)\). Setting these two expressions equal to each other and simplifying gives \(b=2a\). Substitution yields \(a=10\) and \(b=20\), so the area of the rhombus is \(20\cdot40/2=\boxed{400}\).


<br><br><br><br>==========<br><br>
Solution 2. Let \(\theta=\angle BDA\). Let \(AB=BC=CD=x\). By the extended law of sines,
\(\frac{x}{\sin\theta}=25\)
Since \(AC\perp BD\), \(\angle CAD=90-\theta\), so
\(\frac{x}{\sin(90-\theta)=\cos\theta}=50\)
Hence \(x=25\sin\theta=50\cos\theta\). Solving \(\tan\theta=2\), \(\sin\theta=\frac{2}{\sqrt{5}}, \cos\theta=\frac{1}{\sqrt{5}}\). Thus
\(x=25\frac{2}{\sqrt{5}}\implies x^2=500\)
The height of the rhombus is \(x\sin(2\theta)=2x\sin\theta\cos\theta\), so we want
\(2x^2\sin\theta\cos\theta=\boxed{400}\)","Let the side length of the rhombus be \( x \), and let the lengths of the diagonals be \( d_1 \) and \( d_2 \). The area of the rhombus is \( \frac{d_1 d_2}{2} \). 

For triangle \( ABD \), which has sides \( x, x, d_1 \), the circumradius \( R_1 = 12.5 \). Using the formula for circumradius \( R = \frac{abc}{4\Delta} \), where \( \Delta \) is the area of the triangle:
\(
R_1 = \frac{x \cdot x \cdot d_1}{4 \cdot \frac{d_1 d_2}{4}} = \frac{x^2}{d_2} \implies 12.5 = \frac{x^2}{d_2} \implies x^2 = 12.5 d_2.
\)

For triangle \( ACD \), which has sides \( x, x, d_2 \), the circumradius \( R_2 = 25 \):
\(
R_2 = \frac{x \cdot x \cdot d_2}{4 \cdot \frac{d_1 d_2}{4}} = \frac{x^2}{d_1} \implies 25 = \frac{x^2}{d_1} \implies x^2 = 25 d_1.
\)

Equating the two expressions for \( x^2 \):
\(
12.5 d_2 = 25 d_1 \implies d_2 = 2 d_1.
\)

Using the Pythagorean theorem for the rhombus diagonals:
\(
\left(\frac{d_1}{2}\right)^2 + \left(\frac{d_2}{2}\right)^2 = x^2.
\)
Substitute \( d_2 = 2d_1 \) and \( x^2 = 25 d_1 \):
\(
\frac{d_1^2}{4} + d_1^2 = 25 d_1 \implies \frac{5d_1^2}{4} = 25 d_1 \implies 5d_1 = 100 \implies d_1 = 20, \quad d_2 = 40.
\)

Thus, the area of the rhombus is:
\(
\frac{d_1 d_2}{2} = \frac{20 \cdot 40}{2} = \boxed{400}.
\)",deepseek-reasoner_Claude_correctness_randomly_selected_novelty,
1987_AIME_Problems_8,What is the largest positive integer \(n\) for which there is a unique integer \(k\) such that \(\frac{8}{15} < \frac{n}{n + k} < \frac{7}{13}\)?,"Solution 1. Multiplying out all of the denominators, we get:
\begin{align*}104(n+k) &< 195n< 105(n+k)\\ 0 &< 91n - 104k < n + k\end{align*}
Since \(91n - 104k < n + k\), \(k > \frac{6}{7}n\). Also, \(0 < 91n - 104k\), so \(k < \frac{7n}{8}\). Thus, \(48n < 56k < 49n\). \(k\) is unique if it is within a maximum range of \(112\), so \(n = 112\).","We start by rewriting the inequalities using continued fractions and approximation theory. The goal is to find the largest \( n \) such that the interval \( \left( \frac{6}{7}n, \frac{7}{8}n \right) \) contains exactly one integer \( k \). 

1. **Interval Analysis:**
   The interval length is:
   \(
   \frac{7}{8}n - \frac{6}{7}n = \frac{49n - 48n}{56} = \frac{n}{56}.
   \)
   For uniqueness, \( \frac{n}{56} \) must span less than two consecutive integers but more than one. This occurs when the interval's endpoints align precisely between two integers.

2. **Diophantine Approximation:**
   The midpoint of the interval is approximately:
   \(
   k \approx \frac{97n}{112}.
   \)
   This suggests the Diophantine equation \( 97n - 112k = 0 \), which has fundamental solution \( n = 112 \), \( k = 97 \).

3. **Verification:**
   For \( n = 112 \):
   \(
   \frac{6}{7} \cdot 112 = 96, \quad \frac{7}{8} \cdot 112 = 98.
   \)
   The interval \( (96, 98) \) contains exactly one integer \( k = 97 \). Any larger \( n \) (e.g., 113) would include two integers, violating uniqueness.

**Answer:** \(\boxed{112}\)",deepseek-reasoner_Claude_correctness_randomly_selected_novelty,
1958_AHSME_Problems_31,"The altitude drawn to the base of an isosceles triangle is \(8\), and the perimeter \(32\). The area of the triangle is:
\(\textbf{(A)}\ 56\qquad  \textbf{(B)}\ 48\qquad  \textbf{(C)}\ 40\qquad  \textbf{(D)}\ 32\qquad  \textbf{(E)}\ 24\)","Solution 1. Consider the half of the triangle that is left of the altitude. Using the information given in the problem, we can determine that this is a right triangle with one leg of length 8 whose other two sides sum to 16. Through either setting the other leg as \(x\) and the hypotenuse as \(16-x\) and using the Pythagorean Theorem, or by recognizing this \(6-8-10\) triangle, we find that the other leg has length 6. So the triangle's total area is 48, and our answer is \(\fbox{E}\).","To solve the problem of finding the area of an isosceles triangle with an altitude of 8 and a perimeter of 32, we can use a coordinate geometry approach. Here's the step-by-step solution:

1. **Define the Coordinate System**:
   - Place the base of the triangle along the x-axis, centered at the origin. The vertices of the base are at \((-k, 0)\) and \((k, 0)\), so the base length is \(2k\).
   - The apex of the triangle is at \((0, 8)\).

2. **Express the Perimeter**:
   - The perimeter of the triangle is the sum of the lengths of the two equal sides and the base. Each equal side is the distance from \((0, 8)\) to \((k, 0)\), which is \(\sqrt{k^2 + 8^2}\).
   - The perimeter equation is: \(2\sqrt{k^2 + 64} + 2k = 32\).

3. **Simplify the Perimeter Equation**:
   - Divide both sides by 2: \(\sqrt{k^2 + 64} + k = 16\).
   - Let \(s = \sqrt{k^2 + 64}\). Then \(s = 16 - k\).

4. **Solve for \(k\)**:
   - Square both sides: \(k^2 + 64 = (16 - k)^2\).
   - Expand the right side: \(k^2 + 64 = 256 - 32k + k^2\).
   - Cancel \(k^2\) from both sides: \(64 = 256 - 32k\).
   - Solve for \(k\): \(32k = 192 \implies k = 6\).

5. **Determine the Base and Area**:
   - The base \(b = 2k = 12\).
   - The area of the triangle is \(\frac{1}{2} \times \text{base} \times \text{height} = \frac{1}{2} \times 12 \times 8 = 48\).

The area of the triangle is \(\boxed{48}\).",deepseek-reasoner_Claude_correctness_randomly_selected_novelty,
1952_AHSME_Problems_16,"If the base of a rectangle is increased by \(10\%\) and the area is unchanged, then the altitude is decreased by:
\(\textbf{(A) \ }9\%  \qquad \textbf{(B) \ }10\% \qquad \textbf{(C) \ }11\% \qquad \textbf{(D) \ }11\frac{1}{9}\% \qquad \textbf{(E) \ }9\frac{1}{11}\%\)","Solution 1. \(b\cdot a=\frac{11}{10}b\cdot xa\implies x=\frac{10}{11}\). Hence, the altitude is decreased by \(1-x=\frac{1}{11}=\boxed{\textbf{(E)}\ 9\frac{1}{11}\%}\).","To solve the problem using a percentage change formula:

When a quantity is increased by a certain percentage, the percentage decrease required to return to the original value is given by:  
\(
\text{Percentage Decrease} = \left(\frac{\text{Percentage Increase}}{100 + \text{Percentage Increase}}\right) \times 100.
\)  
Here, the base increases by \(10\%\). Plugging into the formula:  
\(
\text{Percentage Decrease} = \left(\frac{10}{100 + 10}\right) \times 100 = \frac{10}{110} \times 100 = \frac{100}{11} \approx 9\frac{1}{11}\%.  
\)  
Thus, the altitude decreases by \(\boxed{\textbf{(E)}\ 9\frac{1}{11}\%}\).",deepseek-reasoner_Claude_correctness_randomly_selected_novelty,
1957_AHSME_Problems_38,"From a two-digit number \(N\) we subtract the number with the digits reversed and find that the result is a positive perfect cube. Then:
\(\textbf{(A)}\ {N}\text{ cannot end in 5}\qquad\\  \textbf{(B)}\ {N}\text{ can end in any digit other than 5}\qquad \\  \textbf{(C)}\ {N}\text{ does not exist}\qquad\\  \textbf{(D)}\ \text{there are exactly 7 values for }{N}\qquad\\  \textbf{(E)}\ \text{there are exactly 10 values for }{N}\)","Solution 1. The number \(N\) can be written as \(10a+b\) with \(a\) and \(b\) representing the digits. The number \(N\) with its digits reversed is \(10b+a\). Since the problem asks for a positive number as the difference of these two numbers, than \(a>b\). Writing this out, we get \(10a+b-(10b+a)=9a-9b=9(a-b)\). Therefore, the difference must be a multiple of \(9\), and the only perfect cube with less than \(3\) digits and is multiple of \(9\) is \(3^3=27\). Also, that means \(a-b=3\), and there are \(7\) possibilities of that, so our answer is 
\(\boxed{\textbf{(D)}}\) There are exactly \(7\) values of \(N\)","Let the two-digit number be \( N = 10a + b \), where \( a > b \). The difference is \( 9(a - b) \), which must be a positive perfect cube. Since \( 9 = 3^2 \), the expression \( 3^2(a - b) \) must be a cube. For this to hold, \( (a - b) \) must supply a factor of \( 3 \) to form \( 3^3 \), and any remaining factors must themselves be cubes. Thus, \( a - b = 3 \cdot m^3 \), where \( m \) is an integer. Given \( a, b \) are digits, \( 3 \cdot m^3 \leq 9 \). Only \( m = 1 \) works, so \( a - b = 3 \). The valid pairs \( (a, b) \) are \( (3,0), (4,1), (5,2), (6,3), (7,4), (8,5), (9,6) \), yielding 7 values for \( N \). 
\(\boxed{\textbf{(D)}}\)",deepseek-reasoner_Claude_correctness_randomly_selected_novelty,
1973_AHSME_Problems_30,"Let \([t]\) denote the greatest integer \(\leq t\) where \(t \geq 0\) and \(S = \{(x,y): (x-T)^2 + y^2 \leq T^2 \text{ where } T = t - [t]\}\). Then we have 
\(\textbf{(A)}\ \text{the point } (0,0) \text{ does not belong to } S \text{ for any } t \qquad\)
\(\textbf{(B)}\ 0 \leq \text{Area } S \leq \pi \text{ for all } t \qquad\)
\(\textbf{(C)}\ S \text{ is contained in the first quadrant for all } t \geq 5 \qquad\)
\(\textbf{(D)}\ \text{the center of } S \text{ for any } t \text{ is on the line } y=x \qquad\)
\(\textbf{(E)}\ \text{none of the other statements is true}\)","Solution 1. The region \(S\) is a circle radius \(T\) and center \((T,0)\).  Since \(T = t-[t]\), \(0 \le T < 1\).  That means the area of the circle is less than \(\pi\), and since the region can also be just a dot (achieved when \(t\) is integer), the answer is \(\boxed{\textbf{(B)}}\).","To evaluate the options, we test specific values of \( t \):

1. **Option A**: When \( t = 1 \), \( T = 0 \). The circle \( S \) collapses to the single point \((0,0)\). Thus, \((0,0) \in S\), refuting A.

2. **Option B**: The area of \( S \) is \( \pi T^2 \). Since \( T \in [0,1) \), the area ranges from \( 0 \) (when \( T = 0 \)) to \( \pi \) (approached as \( T \to 1 \)). For example, at \( t = 0.5 \), \( T = 0.5 \), and the area is \( \pi/4 \). This confirms \( 0 \leq \text{Area } S \leq \pi \), validating B.

3. **Option C**: For \( t = 5.5 \), \( T = 0.5 \). The circle spans \( y \in [-0.5, 0.5] \), entering the fourth quadrant. Hence, \( S \) is not confined to the first quadrant, invalidating C.

4. **Option D**: The center \((T, 0)\) lies on the x-axis, not \( y = x \), unless \( T = 0 \). At \( t = 0.5 \), the center is \((0.5, 0)\), disproving D.

Since B holds and others fail, the answer is \(\boxed{\textbf{(B)}}\).",deepseek-reasoner_Claude_correctness_randomly_selected_novelty,
1988_AHSME_Problems_4,"The slope of the line \(\frac{x}{3} + \frac{y}{2} = 1\) is
\(\textbf{(A)}\ -\frac{3}{2}\qquad \textbf{(B)}\ -\frac{2}{3}\qquad \textbf{(C)}\ \frac{1}{3}\qquad \textbf{(D)}\ \frac{2}{3}\qquad \textbf{(E)}\ \frac{3}{2}\)","Solution 1. To find the slope, all we have to do is put the equation into slope-intercept form. We subtract \(\frac{x}{3}\) from both sides and then multiple all 
terms by \(2\). This yields \(y=-\frac{2}{3}x+1\), so the slope is \(-\frac{2}{3} \implies \boxed{\text{B}}\).","To determine the slope, identify two points on the line by finding its intercepts.  
- **x-intercept**: Set \( y = 0 \):  
  \( \frac{x}{3} + \frac{0}{2} = 1 \implies x = 3 \). Point: \( (3, 0) \).  
- **y-intercept**: Set \( x = 0 \):  
  \( \frac{0}{3} + \frac{y}{2} = 1 \implies y = 2 \). Point: \( (0, 2) \).  

Calculate the slope \( m \) using the formula \( m = \frac{y_2 - y_1}{x_2 - x_1} \):  
\( m = \frac{0 - 2}{3 - 0} = -\frac{2}{3} \).  

Thus, the slope is \( \boxed{\text{B}} \).",deepseek-reasoner_Claude_correctness_randomly_selected_novelty,
1966_AHSME_Problems_30,"If three of the roots of \(x^4+ax^2+bx+c=0\) are \(1\), \(2\), and \(3\) then the value of \(a+c\) is:
\(\text{(A) } 35 \quad \text{(B) } 24 \quad \text{(C) } -12 \quad \text{(D) } -61 \quad \text{(E) } -63\)","Solution 1. Since this is a quartic equation, there are going to be \(4\) solutions. 
By Vieta's formulas, since the \(x^3\) term is \(0\), the sum of the roots is also \(0\). Therefore, the 4th root of this polynomial is \(-6\). 
Lastly, by Vieta's Formulas, \(a+c=-(1\cdot2+1\cdot3+1\cdot-6+2\cdot3+2\cdot-6+3\cdot-6)+1\cdot2\cdot3\cdot-6=-25-36=-61= \fbox{D}\)","To solve for \( a + c \) given three roots of the quartic equation \( x^4 + ax^2 + bx + c = 0 \), substitute each root into the equation and solve the resulting system of linear equations:

1. **Substitute the roots** \( x = 1, 2, 3 \) into the equation:
   - For \( x = 1 \): \( 1 + a + b + c = 0 \)  
   - For \( x = 2 \): \( 16 + 4a + 2b + c = 0 \)  
   - For \( x = 3 \): \( 81 + 9a + 3b + c = 0 \)

2. **Form a system of equations**:
   \(
   \begin{cases}
   a + b + c = -1 \quad \text{(Equation 1)} \\
   4a + 2b + c = -16 \quad \text{(Equation 2)} \\
   9a + 3b + c = -81 \quad \text{(Equation 3)}
   \end{cases}
   \)

3. **Eliminate variables**:
   - Subtract Equation 1 from Equation 2:  
     \( 3a + b = -15 \quad \text{(Equation 4)} \)
   - Subtract Equation 2 from Equation 3:  
     \( 5a + b = -65 \quad \text{(Equation 5)} \)

4. **Solve for \( a \) and \( b \)**:
   - Subtract Equation 4 from Equation 5:  
     \( 2a = -50 \implies a = -25 \)
   - Substitute \( a = -25 \) into Equation 4:  
     \( 3(-25) + b = -15 \implies b = 60 \)

5. **Solve for \( c \)** using Equation 1:  
   \( -25 + 60 + c = -1 \implies c = -36 \)

6. **Compute \( a + c \)**:  
   \( a + c = -25 + (-36) = -61 \)",deepseek-reasoner_Claude_correctness_randomly_selected_novelty,
2012_USAJMO_Problems_1,"Given a triangle \(ABC\), let \(P\) and \(Q\) be points on segments \(\overline{AB}\) and \(\overline{AC}\), respectively, such that \(AP = AQ\).  Let \(S\) and \(R\) be distinct points on segment \(\overline{BC}\) such that \(S\) lies between \(B\) and \(R\), \(\angle{BPS} = \angle{PRS}\), and \(\angle{CQR} = \angle{QSR}\).  Prove that \(P\), \(Q\), \(R\), \(S\) are concyclic (in other words, these four points lie on a circle).","Solution 1. Since \(\angle BPS = \angle PRS\), the circumcircle of triangle \(PRS\) is tangent to \(AB\) at \(P\).  Similarly, since \(\angle CQR = \angle QSR\), the circumcircle of triangle \(QRS\) is tangent to \(AC\) at \(Q\).
[asy] import markers;  unitsize(0.5 cm);  pair A, B, C, O, P, Q, R, S;  A = (2,12); B = (0,0); C = (14,0); P = intersectionpoint(A--B,Circle(A,8)); Q = intersectionpoint(A--C,Circle(A,8)); O = extension(P, P + rotate(90)*(A - P), Q, Q + rotate(90)*(A - Q)); S = intersectionpoint(B--C,arc(O, abs(O - P), 180, 270)); R = intersectionpoint(B--C,arc(O, abs(O - P), 270, 360));  draw(A--B--C--cycle); draw(Circle(O, abs(O - P))); draw(S--P--R); draw(S--Q--R);  label(""\(A\)"", A, N); label(""\(B\)"", B, SW); label(""\(C\)"", C, SE); label(""\(P\)"", P, W); label(""\(Q\)"", Q, NE); label(""\(R\)"", R, SE); label(""\(S\)"", S, SW);  markangle(1, B, P, S, radius=4mm, marker(markinterval(stickframe(n=1,2mm),true))); markangle(1, P, R, S, radius=4mm, marker(markinterval(stickframe(n=1,2mm),true))); markangle(1, R, Q, C, radius=4mm, marker(markinterval(stickframe(n=2,2mm),true))); markangle(1, R, S, Q, radius=4mm, marker(markinterval(stickframe(n=2,2mm),true))); [/asy]
For the sake of contradiction, suppose that the circumcircles of triangles \(PRS\) and \(QRS\) are not the same circle.  Since \(AP = AQ\), \(AP^2 = AQ^2\), so the power of A with respect to both circumcircles is the same. Thus, \(A\) lies on the  of both circles.  However, both circles pass through \(R\) and \(S\), so the radical axis of both circles is \(RS\).  Hence, \(A\) lies on \(RS\), which is a contradiction.
Therefore, the two circumcircles are the same circle.  In other words, \(P\), \(Q\), \(R\), and \(S\) all lie on the same circle.","1. **Spiral Similarity Setup:**
   - Given \(\angle BPS = \angle PRS\), there exists a spiral similarity centered at \(S\) mapping \(B\) to \(P\) and \(P\) to \(R\). This implies:
     \(
     \frac{SB}{SP} = \frac{SP}{SR} \implies SP^2 = SB \cdot SR
     \)
   - Similarly, \(\angle CQR = \angle QSR\) implies a spiral similarity centered at \(S\) mapping \(C\) to \(Q\) and \(Q\) to \(R\), giving:
     \(
     SQ^2 = SC \cdot SR
     \)

2. **Power of Point \(S\):**
   - The equations \(SP^2 = SB \cdot SR\) and \(SQ^2 = SC \cdot SR\) show \(S\) has equal power with respect to the circumcircles of \(\triangle BPR\) and \(\triangle CQR\). Thus, \(S\) lies on their radical axis.

3. **Radical Axis Contradiction:**
   - Since \(AP = AQ\), the power of \(A\) with respect to both circumcircles is equal (\(AP^2 = AQ^2\)). Hence, \(A\) lies on the radical axis of these circles, which is line \(RS\).
   - However, \(A\) cannot lie on \(RS\) as it is outside \(\triangle ABC\). This contradiction implies the two circumcircles must coincide.

4. **Concyclicity Conclusion:**
   - The merging of circumcircles means \(P\), \(Q\), \(R\), and \(S\) all lie on the same circle, proving they are concyclic.",deepseek-reasoner_Claude_correctness_randomly_selected_novelty,
