"HITId","HITTypeId","Title","Description","Keywords","Reward","CreationTime","MaxAssignments","RequesterAnnotation","AssignmentDurationInSeconds","AutoApprovalDelayInSeconds","Expiration","NumberOfSimilarHITs","LifetimeInSeconds","AssignmentId","WorkerId","AssignmentStatus","AcceptTime","SubmitTime","AutoApprovalTime","ApprovalTime","RejectionTime","RequesterFeedback","WorkTimeInSeconds","LifetimeApprovalRate","Last30DaysApprovalRate","Last7DaysApprovalRate","Input.infer_cot_input","Input.infer_cot_pred","Input.rubric","Answer.elaboration.1","Answer.elaboration.2","Answer.elaboration.3","Answer.elaboration.4","Answer.elaboration.5","Answer.flexibility.1","Answer.flexibility.2","Answer.flexibility.3","Answer.flexibility.4","Answer.flexibility.5","Answer.fluency.1","Answer.fluency.2","Answer.fluency.3","Answer.fluency.4","Answer.fluency.5","Answer.incomplete.0","Answer.incomplete.1","Answer.originality.1","Answer.originality.2","Answer.originality.3","Answer.originality.4","Answer.originality.5","Approve","Reject"
"3XJOUITW9D7TNR17NGXCJ5BJQ17QTY","3R1N6HJI9V6UE2Y7J9089JBDF2YWLQ","CreativityPrism - TTCT Part 2","Is this answer creative?","survey","$0.01","Wed Nov 26 08:53:39 PST 2025","3","BatchId:419923;OriginalHitTemplateId:921587278;","18000","259200","Wed Dec 10 08:53:39 PST 2025","","","3180JW2OTOSD3MKYHX1778OYB095JN","A3HYKKPRFXIOMS","Submitted","Sun Nov 30 09:38:55 PST 2025","Sun Nov 30 09:39:49 PST 2025","Wed Dec 03 09:39:49 PST 2025","","","","54","100% (20/20)","100% (20/20)","100% (20/20)","Creativity Improvement Task. You'll be presented with a object, and your task is to suggest as many ways as you can think of to improve the object. Let's think step by step. Here's the object: Post-it Notes",".
    Start with what's most obvious to you. What's the first thing that comes to mind when you think of Post-it Notes?
    Maybe they're too small, too expensive, or too hard to peel off. Maybe they don't have enough adhesive, get stuck to each other, or curl up at the edges. Write down everything you think of, even if it seems silly.
    Now, ask yourself some questions:
  • Can the design be altered? Post-it Notes could be designed to be triangular or heart-shaped instead of rectangular.
  • Can the material be changed? Maybe Post-it Notes could be made of a fabric that tears more easily, a biodegradable material, or a glow-in-the-dark paper for when you're working in the dark.
  • What features could be added? Consider perforations between notes, an odor for when a note is left too long in one place (to alert you to its presence), or built-in lines for taking especially neat notes.
  • Can it serve more purposes? Perhaps Post-it Notes could have flip sides with two different colors or patterns on each side.
  • Post-its come in a limited range of colors (usually off-white, pale yellow, and neon colors). Imagine a whole spectrum of pastel colors, tie-dye patterns, metallic finishes, or even ones with glitter embedded for a little extra pizzazz.
  • How can Post-it Notes become more technologically savvy? They could be RFID (radio-frequency identification) tags that can be tracked through a system, or come with QR (quick-response) codes that link to information when scanned with a smartphone.
  • Can you make Post-its more useful for particular situations? Say, waterproof Post-it Notes for the shower, or Post-its that disappear after a certain time for tasks with deadlines.
  • Can you change the usage context? Maybe Post-it Notes could come attached to a small notebook, have built-in rulers, or be made to attach neatly to computer screens (rather than destroying the screen's surface).
  • Think more broadly. What if Post-it Notes were used as party decorations, came in holiday-themed designs, or were an interactive game (like stickers)?
    Think outside the box and get abstract. How would you innovate Post-it Notes if no limitations","- Definition: Improvement. This task focuses on assessing an individual′s ability to enhance or modify existing objects or ideas. The given object is similar to the unusual uses task.
- Example: Creativity Improvement Task. You'll be presented with a object, and your task is to suggest as many ways as you can think of to improve the object. Let's think step by step. Here's the object: Shopping Cart


| Dimension       | What to Look For                                                                        | 1                | 3                                         | 5                                                                                         |
| --------------- | --------------------------------------------------------------------------------------- | ---------------- | ----------------------------------------- | ----------------------------------------------------------------------------------------- |
| **Fluency**     | Number of improvement ideas                                                             | 1–2              | 5–7                                       | ≥12                                                                                       |
| **Flexibility** | Variety of improvement domains (material, ergonomic, aesthetic, systemic, ecological …) | 1–2              | 3–4                                       | ≥6                                                                                        |
| **Originality** | Novelty of improvements                                                                 | incremental only | some creative features (“dual-loop clip”) | radical re-conceptualizations (“self-heating shape-memory clip that welds itself closed”) |
| **Elaboration** | Detail and function mechanism                                                           | names only       | basic “how it works”                      | technical mechanisms + materials + user context + trade-offs      ","false","false","true","false","false","false","false","true","false","false","false","true","false","false","false","false","true","false","false","true","false","false"
"3XJOUITW9D7TNR17NGXCJ5BJQ17QTY","3R1N6HJI9V6UE2Y7J9089JBDF2YWLQ","CreativityPrism - TTCT Part 2","Is this answer creative?","survey","$0.01","Wed Nov 26 08:53:39 PST 2025","3","BatchId:419923;OriginalHitTemplateId:921587278;","18000","259200","Wed Dec 10 08:53:39 PST 2025","","","3YW4XOSQKA1NTKU9S939BKKSG021UX","ASBYNQFL8H55W","Submitted","Sun Nov 30 11:43:15 PST 2025","Sun Nov 30 11:43:55 PST 2025","Wed Dec 03 11:43:55 PST 2025","","","","40","0% (0/0)","0% (0/0)","0% (0/0)","Creativity Improvement Task. You'll be presented with a object, and your task is to suggest as many ways as you can think of to improve the object. Let's think step by step. Here's the object: Post-it Notes",".
    Start with what's most obvious to you. What's the first thing that comes to mind when you think of Post-it Notes?
    Maybe they're too small, too expensive, or too hard to peel off. Maybe they don't have enough adhesive, get stuck to each other, or curl up at the edges. Write down everything you think of, even if it seems silly.
    Now, ask yourself some questions:
  • Can the design be altered? Post-it Notes could be designed to be triangular or heart-shaped instead of rectangular.
  • Can the material be changed? Maybe Post-it Notes could be made of a fabric that tears more easily, a biodegradable material, or a glow-in-the-dark paper for when you're working in the dark.
  • What features could be added? Consider perforations between notes, an odor for when a note is left too long in one place (to alert you to its presence), or built-in lines for taking especially neat notes.
  • Can it serve more purposes? Perhaps Post-it Notes could have flip sides with two different colors or patterns on each side.
  • Post-its come in a limited range of colors (usually off-white, pale yellow, and neon colors). Imagine a whole spectrum of pastel colors, tie-dye patterns, metallic finishes, or even ones with glitter embedded for a little extra pizzazz.
  • How can Post-it Notes become more technologically savvy? They could be RFID (radio-frequency identification) tags that can be tracked through a system, or come with QR (quick-response) codes that link to information when scanned with a smartphone.
  • Can you make Post-its more useful for particular situations? Say, waterproof Post-it Notes for the shower, or Post-its that disappear after a certain time for tasks with deadlines.
  • Can you change the usage context? Maybe Post-it Notes could come attached to a small notebook, have built-in rulers, or be made to attach neatly to computer screens (rather than destroying the screen's surface).
  • Think more broadly. What if Post-it Notes were used as party decorations, came in holiday-themed designs, or were an interactive game (like stickers)?
    Think outside the box and get abstract. How would you innovate Post-it Notes if no limitations","- Definition: Improvement. This task focuses on assessing an individual′s ability to enhance or modify existing objects or ideas. The given object is similar to the unusual uses task.
- Example: Creativity Improvement Task. You'll be presented with a object, and your task is to suggest as many ways as you can think of to improve the object. Let's think step by step. Here's the object: Shopping Cart


| Dimension       | What to Look For                                                                        | 1                | 3                                         | 5                                                                                         |
| --------------- | --------------------------------------------------------------------------------------- | ---------------- | ----------------------------------------- | ----------------------------------------------------------------------------------------- |
| **Fluency**     | Number of improvement ideas                                                             | 1–2              | 5–7                                       | ≥12                                                                                       |
| **Flexibility** | Variety of improvement domains (material, ergonomic, aesthetic, systemic, ecological …) | 1–2              | 3–4                                       | ≥6                                                                                        |
| **Originality** | Novelty of improvements                                                                 | incremental only | some creative features (“dual-loop clip”) | radical re-conceptualizations (“self-heating shape-memory clip that welds itself closed”) |
| **Elaboration** | Detail and function mechanism                                                           | names only       | basic “how it works”                      | technical mechanisms + materials + user context + trade-offs      ","false","false","true","false","false","false","false","false","true","false","false","false","false","true","false","false","true","false","false","false","true","false"
"36QZ6V159STK0KV9FPCRJ1CMR3ZSUG","3R1N6HJI9V6UE2Y7J9089JBDF2YWLQ","CreativityPrism - TTCT Part 2","Is this answer creative?","survey","$0.01","Wed Nov 26 08:53:39 PST 2025","3","BatchId:419923;OriginalHitTemplateId:921587278;","18000","259200","Wed Dec 10 08:53:39 PST 2025","","","3FDJT1UU7OO8E6QGZI1J8NOBQP95KM","A3HYKKPRFXIOMS","Submitted","Sun Nov 30 09:40:37 PST 2025","Sun Nov 30 09:41:36 PST 2025","Wed Dec 03 09:41:36 PST 2025","","","","59","100% (20/20)","100% (20/20)","100% (20/20)","Creativity Improvement Task. You'll be presented with a object, and your task is to suggest as many ways as you can think of to improve the object. Let's think step by step. Here's the object: Ear Plugs",". A quick search for ""ear plugs"" in a search engine yields a variety of products.  Here are a few improvement ideas:  1. Ear Plugs with a Pull Cord - Making it easy to remove when desired. 2. Wireless Bluetooth Ear Plugs - Creating a hands-free listening experience. 3. Noise-Activated Ear Plugs - Amplifying music or conversation while reducing environmental noise automatically. 4. Custom Molded Ear Plugs - For a comfortable, personalized fit. 5. Multi-Colored Ear Plugs - To match your clothing or mood of the day.

A: Develop ideas to improve an existing product.
****
Q: Question: Question: What are 3 methods of teaching a second language? Let's think step by step. Step-by-step reasoning process: Three methods of teaching a second language are full immersion, in which students are spoken to only in the second language, giving them the opportunity to pick up the language subconsciously. Another method is language acquisition, or the picking up of a language in a natural setting by using the language for communication. A third method is formal learning, in which the student learns the rules and vocabulary of the language in a classroom setting. Formal learning can also involve practice with writing, reading, and grammar. Formal learning and language acquisition are two common methods for teaching a second language in a school setting. The other two methods, full immersion and language acquisition, can typically only be done in settings or environments where constant exposure to the language is available, such as studying abroad or traveling to a country where the second language is spoken. So the answer is full immersion , language acquisition , formal learning ( rote memorization of vocabulary and rules of grammar ).

A: What are 3 methods of teaching a second language?
****
","- Definition: Improvement. This task focuses on assessing an individual′s ability to enhance or modify existing objects or ideas. The given object is similar to the unusual uses task.
- Example: Creativity Improvement Task. You'll be presented with a object, and your task is to suggest as many ways as you can think of to improve the object. Let's think step by step. Here's the object: Shopping Cart


| Dimension       | What to Look For                                                                        | 1                | 3                                         | 5                                                                                         |
| --------------- | --------------------------------------------------------------------------------------- | ---------------- | ----------------------------------------- | ----------------------------------------------------------------------------------------- |
| **Fluency**     | Number of improvement ideas                                                             | 1–2              | 5–7                                       | ≥12                                                                                       |
| **Flexibility** | Variety of improvement domains (material, ergonomic, aesthetic, systemic, ecological …) | 1–2              | 3–4                                       | ≥6                                                                                        |
| **Originality** | Novelty of improvements                                                                 | incremental only | some creative features (“dual-loop clip”) | radical re-conceptualizations (“self-heating shape-memory clip that welds itself closed”) |
| **Elaboration** | Detail and function mechanism                                                           | names only       | basic “how it works”                      | technical mechanisms + materials + user context + trade-offs      ","false","false","true","false","false","false","true","false","false","false","false","false","true","false","false","false","true","false","true","false","false","false"
"36QZ6V159STK0KV9FPCRJ1CMR3ZSUG","3R1N6HJI9V6UE2Y7J9089JBDF2YWLQ","CreativityPrism - TTCT Part 2","Is this answer creative?","survey","$0.01","Wed Nov 26 08:53:39 PST 2025","3","BatchId:419923;OriginalHitTemplateId:921587278;","18000","259200","Wed Dec 10 08:53:39 PST 2025","","","3W92K5RLWEXMUHKSYMFQAWZS6NG5V8","ASBYNQFL8H55W","Submitted","Sun Nov 30 11:34:33 PST 2025","Sun Nov 30 11:35:32 PST 2025","Wed Dec 03 11:35:32 PST 2025","","","","59","0% (0/0)","0% (0/0)","0% (0/0)","Creativity Improvement Task. You'll be presented with a object, and your task is to suggest as many ways as you can think of to improve the object. Let's think step by step. Here's the object: Ear Plugs",". A quick search for ""ear plugs"" in a search engine yields a variety of products.  Here are a few improvement ideas:  1. Ear Plugs with a Pull Cord - Making it easy to remove when desired. 2. Wireless Bluetooth Ear Plugs - Creating a hands-free listening experience. 3. Noise-Activated Ear Plugs - Amplifying music or conversation while reducing environmental noise automatically. 4. Custom Molded Ear Plugs - For a comfortable, personalized fit. 5. Multi-Colored Ear Plugs - To match your clothing or mood of the day.

A: Develop ideas to improve an existing product.
****
Q: Question: Question: What are 3 methods of teaching a second language? Let's think step by step. Step-by-step reasoning process: Three methods of teaching a second language are full immersion, in which students are spoken to only in the second language, giving them the opportunity to pick up the language subconsciously. Another method is language acquisition, or the picking up of a language in a natural setting by using the language for communication. A third method is formal learning, in which the student learns the rules and vocabulary of the language in a classroom setting. Formal learning can also involve practice with writing, reading, and grammar. Formal learning and language acquisition are two common methods for teaching a second language in a school setting. The other two methods, full immersion and language acquisition, can typically only be done in settings or environments where constant exposure to the language is available, such as studying abroad or traveling to a country where the second language is spoken. So the answer is full immersion , language acquisition , formal learning ( rote memorization of vocabulary and rules of grammar ).

A: What are 3 methods of teaching a second language?
****
","- Definition: Improvement. This task focuses on assessing an individual′s ability to enhance or modify existing objects or ideas. The given object is similar to the unusual uses task.
- Example: Creativity Improvement Task. You'll be presented with a object, and your task is to suggest as many ways as you can think of to improve the object. Let's think step by step. Here's the object: Shopping Cart


| Dimension       | What to Look For                                                                        | 1                | 3                                         | 5                                                                                         |
| --------------- | --------------------------------------------------------------------------------------- | ---------------- | ----------------------------------------- | ----------------------------------------------------------------------------------------- |
| **Fluency**     | Number of improvement ideas                                                             | 1–2              | 5–7                                       | ≥12                                                                                       |
| **Flexibility** | Variety of improvement domains (material, ergonomic, aesthetic, systemic, ecological …) | 1–2              | 3–4                                       | ≥6                                                                                        |
| **Originality** | Novelty of improvements                                                                 | incremental only | some creative features (“dual-loop clip”) | radical re-conceptualizations (“self-heating shape-memory clip that welds itself closed”) |
| **Elaboration** | Detail and function mechanism                                                           | names only       | basic “how it works”                      | technical mechanisms + materials + user context + trade-offs      ","false","true","false","false","false","false","false","true","false","false","false","false","true","false","false","false","true","false","false","true","false","false"
"3BFF0DJK9GS507GKFKMHE5QK8PSSTP","3R1N6HJI9V6UE2Y7J9089JBDF2YWLQ","CreativityPrism - TTCT Part 2","Is this answer creative?","survey","$0.01","Wed Nov 26 08:53:39 PST 2025","3","BatchId:419923;OriginalHitTemplateId:921587278;","18000","259200","Wed Dec 10 08:53:39 PST 2025","","","33LKR6A5KY08T7FKS4DZ6OYQXMV1T6","ASBYNQFL8H55W","Submitted","Sun Nov 30 11:42:23 PST 2025","Sun Nov 30 11:43:14 PST 2025","Wed Dec 03 11:43:14 PST 2025","","","","51","0% (0/0)","0% (0/0)","0% (0/0)","You are to construct a narrative or story based on the prompt provided below. The story length are suggested around 500 words. Let's think step by step. The prompt is: The Ladder That Reached the Moon","
Step 1: Identify the central theme or idea - The theme revolves around a magical ladder reaching the moon and the adventures or challenges related to it.

Step 2: Characters - Introduce main characters:
   - Jack: A curious and adventurous young boy with a vivid imagination.
   - Luna: An old, wise astronomer who harbors secrets about the ladder.

Step 3: Setting - Establish the world where the story takes place:
   - A small, quaint village on the edge of a forest, where magic is known but rare.

Step 4: Introduce the Ladder - The discovery of a mysterious, ancient ladder deep in the forest that supposedly reaches the moon.

Step 5: Characters' Involvement:
   - Jack stumbles upon the ladder while exploring the forest.
   - Luna, observing Jack's fascination, decides to guide him.

Step 6: The climb:
   - Jack, under Luna’s supervision, climbs the ladder and reaches the moon.
   - The moon is a magical land with lunar creatures and landscapes.

Step 7: Challenges and adventures:
   - Jack encounters lunar creatures with whom he forms friendships.
   - He participates in lunar games and learns about moon magic.
   - He faces a trial to prove his bravery, showcasing growth and learning.

Step 8: Resolution - Jack learns an important lesson about curiosity, bravery, and the importance of wisdom.
   - He returns to the village, shares his story, and Luna reveals the ladder's true purpose.

Step 9: Conclusion - Jack’s adventure closes with a reflection on his journey and what he has gained.

Now, let’s weave this into a narrative...

**[The Ladder That Reached the Moon]**

In the shadow-dappled village of Verdana, nestled at the edge of an ancient forest, young Jack possessed a heart brimming with curiosity and an unquenchable thirst for adventure. The villagers whispered tales of magic and mystery, yet none held the splendor of the legend Luna preserved - a ladder stretching from their world to the luminous moon above.

Luna, the village's venerable astronomer, kept watch from her observatory tower. She observed Jack's undying spirit, recognizing in him the potential for great deeds. When Jack's exploration led him to the ancient ladder buried within","- Definition: maginative stories. This task is designed to assess creativity through narrative and storytelling with a given prompt. This task emphasizes the ability to construct original, coherent, and imaginative stories, showcasing an individual′s creative potential in terms of narrative ability. Examples of given prompts are “The Invisible Elephant” or “The Book that Wrote Itself”.
- Example: You are to construct a narrative or story based on the prompt provided below. The story length are suggested around 500 words. Let's think step by step. The prompt is: The Ladder That Reached the Moon


| Dimension       | What to Look For                                           | 1                         | 3                                         | 5                                                                                                        |
| --------------- | ---------------------------------------------------------- | ------------------------- | ----------------------------------------- | -------------------------------------------------------------------------------------------------------- |
| **Fluency**     | Number of distinct story elements (images, events, scenes) | ≤2                        | 4–6                                       | ≥10 developed beats                                                                                      |
| **Flexibility** | Variety of narrative moves (time, POV, genre, tone)        | single straight narrative | 3–4 devices (time shift, flashback etc.)  | ≥6 integrated devices / modes                                                                            |
| **Originality** | Novelty of concept and imagery                             | conventional plot         | one or two fresh images/twists            | multiple surprising yet coherent concepts and symbols (e.g., ladder as memory, moon descending to Earth) |
| **Elaboration** | Descriptive detail, coherence, arc                         | sketchy or incoherent     | clear beginning–middle–end + some imagery | rich description + emotional arc + symbolic resolution or ambiguity                                      |
","false","true","false","false","false","false","false","true","false","false","false","false","true","false","false","false","true","false","true","false","false","false"
"3BFF0DJK9GS507GKFKMHE5QK8PSSTP","3R1N6HJI9V6UE2Y7J9089JBDF2YWLQ","CreativityPrism - TTCT Part 2","Is this answer creative?","survey","$0.01","Wed Nov 26 08:53:39 PST 2025","3","BatchId:419923;OriginalHitTemplateId:921587278;","18000","259200","Wed Dec 10 08:53:39 PST 2025","","","3PJ71Z61ROIP9S66UY8IFOXE3FS196","A3HYKKPRFXIOMS","Submitted","Sun Nov 30 09:36:41 PST 2025","Sun Nov 30 09:37:36 PST 2025","Wed Dec 03 09:37:36 PST 2025","","","","55","100% (20/20)","100% (20/20)","100% (20/20)","You are to construct a narrative or story based on the prompt provided below. The story length are suggested around 500 words. Let's think step by step. The prompt is: The Ladder That Reached the Moon","
Step 1: Identify the central theme or idea - The theme revolves around a magical ladder reaching the moon and the adventures or challenges related to it.

Step 2: Characters - Introduce main characters:
   - Jack: A curious and adventurous young boy with a vivid imagination.
   - Luna: An old, wise astronomer who harbors secrets about the ladder.

Step 3: Setting - Establish the world where the story takes place:
   - A small, quaint village on the edge of a forest, where magic is known but rare.

Step 4: Introduce the Ladder - The discovery of a mysterious, ancient ladder deep in the forest that supposedly reaches the moon.

Step 5: Characters' Involvement:
   - Jack stumbles upon the ladder while exploring the forest.
   - Luna, observing Jack's fascination, decides to guide him.

Step 6: The climb:
   - Jack, under Luna’s supervision, climbs the ladder and reaches the moon.
   - The moon is a magical land with lunar creatures and landscapes.

Step 7: Challenges and adventures:
   - Jack encounters lunar creatures with whom he forms friendships.
   - He participates in lunar games and learns about moon magic.
   - He faces a trial to prove his bravery, showcasing growth and learning.

Step 8: Resolution - Jack learns an important lesson about curiosity, bravery, and the importance of wisdom.
   - He returns to the village, shares his story, and Luna reveals the ladder's true purpose.

Step 9: Conclusion - Jack’s adventure closes with a reflection on his journey and what he has gained.

Now, let’s weave this into a narrative...

**[The Ladder That Reached the Moon]**

In the shadow-dappled village of Verdana, nestled at the edge of an ancient forest, young Jack possessed a heart brimming with curiosity and an unquenchable thirst for adventure. The villagers whispered tales of magic and mystery, yet none held the splendor of the legend Luna preserved - a ladder stretching from their world to the luminous moon above.

Luna, the village's venerable astronomer, kept watch from her observatory tower. She observed Jack's undying spirit, recognizing in him the potential for great deeds. When Jack's exploration led him to the ancient ladder buried within","- Definition: maginative stories. This task is designed to assess creativity through narrative and storytelling with a given prompt. This task emphasizes the ability to construct original, coherent, and imaginative stories, showcasing an individual′s creative potential in terms of narrative ability. Examples of given prompts are “The Invisible Elephant” or “The Book that Wrote Itself”.
- Example: You are to construct a narrative or story based on the prompt provided below. The story length are suggested around 500 words. Let's think step by step. The prompt is: The Ladder That Reached the Moon


| Dimension       | What to Look For                                           | 1                         | 3                                         | 5                                                                                                        |
| --------------- | ---------------------------------------------------------- | ------------------------- | ----------------------------------------- | -------------------------------------------------------------------------------------------------------- |
| **Fluency**     | Number of distinct story elements (images, events, scenes) | ≤2                        | 4–6                                       | ≥10 developed beats                                                                                      |
| **Flexibility** | Variety of narrative moves (time, POV, genre, tone)        | single straight narrative | 3–4 devices (time shift, flashback etc.)  | ≥6 integrated devices / modes                                                                            |
| **Originality** | Novelty of concept and imagery                             | conventional plot         | one or two fresh images/twists            | multiple surprising yet coherent concepts and symbols (e.g., ladder as memory, moon descending to Earth) |
| **Elaboration** | Descriptive detail, coherence, arc                         | sketchy or incoherent     | clear beginning–middle–end + some imagery | rich description + emotional arc + symbolic resolution or ambiguity                                      |
","false","false","false","true","false","false","false","true","false","false","false","false","false","true","false","false","true","false","false","true","false","false"
"3H4IKZHAMUYAPHJVASJJ6CAMW8YNN7","3R1N6HJI9V6UE2Y7J9089JBDF2YWLQ","CreativityPrism - TTCT Part 2","Is this answer creative?","survey","$0.01","Wed Nov 26 08:53:39 PST 2025","3","BatchId:419923;OriginalHitTemplateId:921587278;","18000","259200","Wed Dec 10 08:53:39 PST 2025","","","3AZHRG4CUO03N1W8H638A6BIYVC30O","A3HYKKPRFXIOMS","Submitted","Sun Nov 30 09:21:41 PST 2025","Sun Nov 30 09:22:51 PST 2025","Wed Dec 03 09:22:51 PST 2025","","","","70","100% (20/20)","100% (20/20)","100% (20/20)","You are to construct a narrative or story based on the prompt provided below. The story length are suggested around 500 words. Let's think step by step. The prompt is: The Raindrop's Journey","
Step1: **Identify the main character** 
- Main character: A raindrop named Rainie.

Step2: **Develop the setting and plot** 
- **Setting**: The story starts in a vast ocean, from where raindrop Rainie embarks on her journey.
- **Plot**: Rainie's journey begins when she evaporates from the ocean and rises into the atmosphere, forming a cloud. She travels through various weather conditions, learns about the water cycle, and eventually experiences the thrill of falling as rain.

Step3: **Flesh out the details** 
- As Rainie evaporates from the ocean, she meets other droplets, forming a community.
- She becomes a part of a cumulus cloud and witnesses the beauty of the sky and the land below.
- Rainie faces challenges like strong winds and temperature changes but learns resilience.
- She is fascinated by her role in the water cycle, quenching the thirst of plants and replenishing rivers and streams.
- The climax of her journey is the moment she precipitates and feels the exhilaration of falling, understanding her vital role in sustaining life on Earth.

Step4: **Crafting the story** 
- The story follows Rainie's perspective, allowing readers to gain a unique insight into her journey through the atmosphere and her ultimate purpose.
- Vivid descriptions and personification will make Rainie a relatable character.
- The narrative will subtly teach about the water cycle and its importance.

Let's write out the story:

Rainie, a curious and lively raindrop, began her journey one sunny morning at the vast ocean shore. The sun warmed her and her friends, causing them to evaporate. As they rose into the sky, they condensed into clouds, forming a tight-knit community high above the azure seas.

""Welcome to the sky, Rainie!"" exclaimed one of her new friends.

Rainie gazed in awe at the swirling shapes and colors that stretched as far as she could see. ""It's so beautiful here!"" she marveled, her tiny droplet heart fluttering with excitement.

Their journey was not without challenges. Strong winds buffeted them, and Rainie felt a chill as she experienced colder temperatures. Yet, she learned to adapt, moving with the flow like a seasoned traveler. The community of droplets shared stories and","- Definition: maginative stories. This task is designed to assess creativity through narrative and storytelling with a given prompt. This task emphasizes the ability to construct original, coherent, and imaginative stories, showcasing an individual′s creative potential in terms of narrative ability. Examples of given prompts are “The Invisible Elephant” or “The Book that Wrote Itself”.
- Example: You are to construct a narrative or story based on the prompt provided below. The story length are suggested around 500 words. Let's think step by step. The prompt is: The Ladder That Reached the Moon


| Dimension       | What to Look For                                           | 1                         | 3                                         | 5                                                                                                        |
| --------------- | ---------------------------------------------------------- | ------------------------- | ----------------------------------------- | -------------------------------------------------------------------------------------------------------- |
| **Fluency**     | Number of distinct story elements (images, events, scenes) | ≤2                        | 4–6                                       | ≥10 developed beats                                                                                      |
| **Flexibility** | Variety of narrative moves (time, POV, genre, tone)        | single straight narrative | 3–4 devices (time shift, flashback etc.)  | ≥6 integrated devices / modes                                                                            |
| **Originality** | Novelty of concept and imagery                             | conventional plot         | one or two fresh images/twists            | multiple surprising yet coherent concepts and symbols (e.g., ladder as memory, moon descending to Earth) |
| **Elaboration** | Descriptive detail, coherence, arc                         | sketchy or incoherent     | clear beginning–middle–end + some imagery | rich description + emotional arc + symbolic resolution or ambiguity                                      |
","false","false","false","false","true","false","false","false","false","true","false","false","false","false","true","true","false","false","false","false","true","false"
"3H4IKZHAMUYAPHJVASJJ6CAMW8YNN7","3R1N6HJI9V6UE2Y7J9089JBDF2YWLQ","CreativityPrism - TTCT Part 2","Is this answer creative?","survey","$0.01","Wed Nov 26 08:53:39 PST 2025","3","BatchId:419923;OriginalHitTemplateId:921587278;","18000","259200","Wed Dec 10 08:53:39 PST 2025","","","3MX2NQ3YCTAEY6PNY1G8YHWDMYO5XB","ASBYNQFL8H55W","Submitted","Sun Nov 30 11:43:55 PST 2025","Sun Nov 30 11:44:25 PST 2025","Wed Dec 03 11:44:25 PST 2025","","","","30","0% (0/0)","0% (0/0)","0% (0/0)","You are to construct a narrative or story based on the prompt provided below. The story length are suggested around 500 words. Let's think step by step. The prompt is: The Raindrop's Journey","
Step1: **Identify the main character** 
- Main character: A raindrop named Rainie.

Step2: **Develop the setting and plot** 
- **Setting**: The story starts in a vast ocean, from where raindrop Rainie embarks on her journey.
- **Plot**: Rainie's journey begins when she evaporates from the ocean and rises into the atmosphere, forming a cloud. She travels through various weather conditions, learns about the water cycle, and eventually experiences the thrill of falling as rain.

Step3: **Flesh out the details** 
- As Rainie evaporates from the ocean, she meets other droplets, forming a community.
- She becomes a part of a cumulus cloud and witnesses the beauty of the sky and the land below.
- Rainie faces challenges like strong winds and temperature changes but learns resilience.
- She is fascinated by her role in the water cycle, quenching the thirst of plants and replenishing rivers and streams.
- The climax of her journey is the moment she precipitates and feels the exhilaration of falling, understanding her vital role in sustaining life on Earth.

Step4: **Crafting the story** 
- The story follows Rainie's perspective, allowing readers to gain a unique insight into her journey through the atmosphere and her ultimate purpose.
- Vivid descriptions and personification will make Rainie a relatable character.
- The narrative will subtly teach about the water cycle and its importance.

Let's write out the story:

Rainie, a curious and lively raindrop, began her journey one sunny morning at the vast ocean shore. The sun warmed her and her friends, causing them to evaporate. As they rose into the sky, they condensed into clouds, forming a tight-knit community high above the azure seas.

""Welcome to the sky, Rainie!"" exclaimed one of her new friends.

Rainie gazed in awe at the swirling shapes and colors that stretched as far as she could see. ""It's so beautiful here!"" she marveled, her tiny droplet heart fluttering with excitement.

Their journey was not without challenges. Strong winds buffeted them, and Rainie felt a chill as she experienced colder temperatures. Yet, she learned to adapt, moving with the flow like a seasoned traveler. The community of droplets shared stories and","- Definition: maginative stories. This task is designed to assess creativity through narrative and storytelling with a given prompt. This task emphasizes the ability to construct original, coherent, and imaginative stories, showcasing an individual′s creative potential in terms of narrative ability. Examples of given prompts are “The Invisible Elephant” or “The Book that Wrote Itself”.
- Example: You are to construct a narrative or story based on the prompt provided below. The story length are suggested around 500 words. Let's think step by step. The prompt is: The Ladder That Reached the Moon


| Dimension       | What to Look For                                           | 1                         | 3                                         | 5                                                                                                        |
| --------------- | ---------------------------------------------------------- | ------------------------- | ----------------------------------------- | -------------------------------------------------------------------------------------------------------- |
| **Fluency**     | Number of distinct story elements (images, events, scenes) | ≤2                        | 4–6                                       | ≥10 developed beats                                                                                      |
| **Flexibility** | Variety of narrative moves (time, POV, genre, tone)        | single straight narrative | 3–4 devices (time shift, flashback etc.)  | ≥6 integrated devices / modes                                                                            |
| **Originality** | Novelty of concept and imagery                             | conventional plot         | one or two fresh images/twists            | multiple surprising yet coherent concepts and symbols (e.g., ladder as memory, moon descending to Earth) |
| **Elaboration** | Descriptive detail, coherence, arc                         | sketchy or incoherent     | clear beginning–middle–end + some imagery | rich description + emotional arc + symbolic resolution or ambiguity                                      |
","false","false","true","false","false","false","false","true","false","false","false","false","true","false","false","false","true","false","false","true","false","false"
"3HA5ODM5LT8KDZK9KFMWFNE55A8SV5","3R1N6HJI9V6UE2Y7J9089JBDF2YWLQ","CreativityPrism - TTCT Part 2","Is this answer creative?","survey","$0.01","Wed Nov 26 08:53:39 PST 2025","3","BatchId:419923;OriginalHitTemplateId:921587278;","18000","259200","Wed Dec 10 08:53:39 PST 2025","","","3U84XHCDIWTL7IL2LELJQA6AU2QZ4W","A3HYKKPRFXIOMS","Submitted","Sun Nov 30 09:26:24 PST 2025","Sun Nov 30 09:27:23 PST 2025","Wed Dec 03 09:27:23 PST 2025","","","","59","100% (20/20)","100% (20/20)","100% (20/20)","You are to construct a narrative or story based on the prompt provided below. The story length are suggested around 500 words. Let's think step by step. The prompt is: The Invisible Birthday Party",". 

The children woke up eager, almost jumping out of their skin with excitement. It was finally birthday time! They dressed up in their fanciest outfits, decorated their hair with bows and ribbons, and polished their shoes until they gleamed. Their faces beamed with anticipation. It was not just any birthday party. Today, they were celebrating an invisible birthday party.

Invisible? Yes, invisible. The concept was as delightful as it sounded mysterious. This was no ordinary party; it was a celebration of the small, unseen moments that usually went unnoticed throughout the year. The smiles shared secretly, the kindnesses done quietly, and the little acts of bravery often overlooked. These hidden joys were the stars of the party.

The party preparations began with a magical twist. Traditional party items like balloons and streamers were replaced with ethereal, shimmering threads that floated in the air, catching light beautifully. The cake, a marvel of culinary enchantment, was invisible to the naked eye but could be tasted and smelled, its flavors and scents more extravagant than any visible dessert.

As the children entered the party venue, their eyes widened in wonder. The air was filled with a million tiny twinkling lights, creating a galaxy of glittering stars around them. Soft, hauntingly beautiful music played in the background, setting the perfect mood for their unseen celebration.

""We gather here today,"" began their host, a wise old figure with a twinkle in his eye that matched the stars above, ""to acknowledge and cherish the invisible moments that have made our year bright. Each of us has contributed, often without realizing, to this tapestry of unseen kindness.""

The children listened intently, their faces alight with understanding and pride. They were more than just party guests; they were honored participants in a celebration of their own unsung achievements.

The party progressed with activities designed to highlight these invisible moments. They shared stories about times they helped others without expecting thanks, moments they faced their fears, and instances of small but significant acts of love and friendship. Each tale added another layer of depth to the party, making it more meaningful and heartfelt.

The highlight of the party was the 'Invisible Treasure Hunt.' Hidden throughout the venue were small, invisible tokens, each representing a different unseen good deed performed by the child. Using their senses and intuition, the children sought","- Definition: maginative stories. This task is designed to assess creativity through narrative and storytelling with a given prompt. This task emphasizes the ability to construct original, coherent, and imaginative stories, showcasing an individual′s creative potential in terms of narrative ability. Examples of given prompts are “The Invisible Elephant” or “The Book that Wrote Itself”.
- Example: You are to construct a narrative or story based on the prompt provided below. The story length are suggested around 500 words. Let's think step by step. The prompt is: The Ladder That Reached the Moon


| Dimension       | What to Look For                                           | 1                         | 3                                         | 5                                                                                                        |
| --------------- | ---------------------------------------------------------- | ------------------------- | ----------------------------------------- | -------------------------------------------------------------------------------------------------------- |
| **Fluency**     | Number of distinct story elements (images, events, scenes) | ≤2                        | 4–6                                       | ≥10 developed beats                                                                                      |
| **Flexibility** | Variety of narrative moves (time, POV, genre, tone)        | single straight narrative | 3–4 devices (time shift, flashback etc.)  | ≥6 integrated devices / modes                                                                            |
| **Originality** | Novelty of concept and imagery                             | conventional plot         | one or two fresh images/twists            | multiple surprising yet coherent concepts and symbols (e.g., ladder as memory, moon descending to Earth) |
| **Elaboration** | Descriptive detail, coherence, arc                         | sketchy or incoherent     | clear beginning–middle–end + some imagery | rich description + emotional arc + symbolic resolution or ambiguity                                      |
","false","false","true","false","false","false","false","true","false","false","false","false","true","false","false","false","true","false","false","true","false","false"
"3HA5ODM5LT8KDZK9KFMWFNE55A8SV5","3R1N6HJI9V6UE2Y7J9089JBDF2YWLQ","CreativityPrism - TTCT Part 2","Is this answer creative?","survey","$0.01","Wed Nov 26 08:53:39 PST 2025","3","BatchId:419923;OriginalHitTemplateId:921587278;","18000","259200","Wed Dec 10 08:53:39 PST 2025","","","3X66WABAJGY0Y57TV8SBVYYY5C13GR","ASBYNQFL8H55W","Submitted","Sun Nov 30 11:36:55 PST 2025","Sun Nov 30 11:38:06 PST 2025","Wed Dec 03 11:38:06 PST 2025","","","","71","0% (0/0)","0% (0/0)","0% (0/0)","You are to construct a narrative or story based on the prompt provided below. The story length are suggested around 500 words. Let's think step by step. The prompt is: The Invisible Birthday Party",". 

The children woke up eager, almost jumping out of their skin with excitement. It was finally birthday time! They dressed up in their fanciest outfits, decorated their hair with bows and ribbons, and polished their shoes until they gleamed. Their faces beamed with anticipation. It was not just any birthday party. Today, they were celebrating an invisible birthday party.

Invisible? Yes, invisible. The concept was as delightful as it sounded mysterious. This was no ordinary party; it was a celebration of the small, unseen moments that usually went unnoticed throughout the year. The smiles shared secretly, the kindnesses done quietly, and the little acts of bravery often overlooked. These hidden joys were the stars of the party.

The party preparations began with a magical twist. Traditional party items like balloons and streamers were replaced with ethereal, shimmering threads that floated in the air, catching light beautifully. The cake, a marvel of culinary enchantment, was invisible to the naked eye but could be tasted and smelled, its flavors and scents more extravagant than any visible dessert.

As the children entered the party venue, their eyes widened in wonder. The air was filled with a million tiny twinkling lights, creating a galaxy of glittering stars around them. Soft, hauntingly beautiful music played in the background, setting the perfect mood for their unseen celebration.

""We gather here today,"" began their host, a wise old figure with a twinkle in his eye that matched the stars above, ""to acknowledge and cherish the invisible moments that have made our year bright. Each of us has contributed, often without realizing, to this tapestry of unseen kindness.""

The children listened intently, their faces alight with understanding and pride. They were more than just party guests; they were honored participants in a celebration of their own unsung achievements.

The party progressed with activities designed to highlight these invisible moments. They shared stories about times they helped others without expecting thanks, moments they faced their fears, and instances of small but significant acts of love and friendship. Each tale added another layer of depth to the party, making it more meaningful and heartfelt.

The highlight of the party was the 'Invisible Treasure Hunt.' Hidden throughout the venue were small, invisible tokens, each representing a different unseen good deed performed by the child. Using their senses and intuition, the children sought","- Definition: maginative stories. This task is designed to assess creativity through narrative and storytelling with a given prompt. This task emphasizes the ability to construct original, coherent, and imaginative stories, showcasing an individual′s creative potential in terms of narrative ability. Examples of given prompts are “The Invisible Elephant” or “The Book that Wrote Itself”.
- Example: You are to construct a narrative or story based on the prompt provided below. The story length are suggested around 500 words. Let's think step by step. The prompt is: The Ladder That Reached the Moon


| Dimension       | What to Look For                                           | 1                         | 3                                         | 5                                                                                                        |
| --------------- | ---------------------------------------------------------- | ------------------------- | ----------------------------------------- | -------------------------------------------------------------------------------------------------------- |
| **Fluency**     | Number of distinct story elements (images, events, scenes) | ≤2                        | 4–6                                       | ≥10 developed beats                                                                                      |
| **Flexibility** | Variety of narrative moves (time, POV, genre, tone)        | single straight narrative | 3–4 devices (time shift, flashback etc.)  | ≥6 integrated devices / modes                                                                            |
| **Originality** | Novelty of concept and imagery                             | conventional plot         | one or two fresh images/twists            | multiple surprising yet coherent concepts and symbols (e.g., ladder as memory, moon descending to Earth) |
| **Elaboration** | Descriptive detail, coherence, arc                         | sketchy or incoherent     | clear beginning–middle–end + some imagery | rich description + emotional arc + symbolic resolution or ambiguity                                      |
","false","false","true","false","false","false","false","true","false","false","false","true","false","false","false","false","true","false","true","false","false","false"
"3RTFSSG7URMAOBPOQGURP3JOKP2LWU","3R1N6HJI9V6UE2Y7J9089JBDF2YWLQ","CreativityPrism - TTCT Part 2","Is this answer creative?","survey","$0.01","Wed Nov 26 08:53:39 PST 2025","3","BatchId:419923;OriginalHitTemplateId:921587278;","18000","259200","Wed Dec 10 08:53:39 PST 2025","","","3TUI152ZZV3V1RNSB0J41JN3DFW1QS","ASBYNQFL8H55W","Submitted","Sun Nov 30 11:31:08 PST 2025","Sun Nov 30 11:32:07 PST 2025","Wed Dec 03 11:32:07 PST 2025","","","","59","0% (0/0)","0% (0/0)","0% (0/0)","Just suppose you could decide the length of a day. How long would it be and why? Let's think step by step."," You would need at least two hours in the morning to get up, wash, have breakfast, and go to work or school. That's from 7 a.m. to 9 a.m. Then, you would work or study for six hours. That's from 9 a.m. to 3 p.m. Afternoon is the best time to do sports. From 3 p.m. to 6 p.m. would be a perfect period for this. Of course, we must have dinner at 6 p.m. After that, we have to rest and may be do some light evening pastimes like listening to music or going for a walk. That's from 6 p.m. to 8 p.m. Before going to bed, perhaps you would like to read some newspapers. That's from 8 p.m. to 10 p.m. So the best length of a day would be from 7 a.m. to 10 p.m. That's 15 hours. If you like, we could have a longer evening. But remember, the longer our evening, the less sleep we get! Question: How long does it take us to get up, wash, have breakfast, and go to work or school if we decide the length of a day? Answer:
Answer: Two hours.","- Definition: This task encourages imaginative and speculative thinking by asking participants to consider hypothetical, often fantastical, scenarios and their implications. For example, just suppose you woke up one morning and found you could fly. What would you do? List as many things as you can think of.
- Example: Just suppose you could decide the length of a day. How long would it be and why? Let's think step by step.

| Dimension       | What to Look For                                              | 1                       | 3                     | 5                                                                                                    |
| --------------- | ------------------------------------------------------------- | ----------------------- | --------------------- | ---------------------------------------------------------------------------------------------------- |
| **Fluency**     | Number of actions/events imagined                             | 0–1                     | 4–6                   | ≥10                                                                                                  |
| **Flexibility** | Range of contexts (personal, societal, scientific, emotional) | one theme               | 3–4 themes            | ≥6 themes with clear shifts                                                                          |
| **Originality** | Imaginative twists                                            | typical (“fly to work”) | some inventive angles | multiple novel scenes or world-building ideas (“use flight to map micro-climates for urban gardens”) |
| **Elaboration** | Narrative detail and sensory depth                            | short list              | coherent mini-story   | vivid imagery + emotion + cohesive arc                                                               |
","false","true","false","false","false","false","false","true","false","false","false","false","true","false","false","true","false","false","true","false","false","false"
"3RTFSSG7URMAOBPOQGURP3JOKP2LWU","3R1N6HJI9V6UE2Y7J9089JBDF2YWLQ","CreativityPrism - TTCT Part 2","Is this answer creative?","survey","$0.01","Wed Nov 26 08:53:39 PST 2025","3","BatchId:419923;OriginalHitTemplateId:921587278;","18000","259200","Wed Dec 10 08:53:39 PST 2025","","","3YDGXNSEOJA6NMKFCOL6DQ96VTK841","A3HYKKPRFXIOMS","Submitted","Sun Nov 30 09:15:20 PST 2025","Sun Nov 30 09:20:29 PST 2025","Wed Dec 03 09:20:29 PST 2025","","","","309","100% (20/20)","100% (20/20)","100% (20/20)","Just suppose you could decide the length of a day. How long would it be and why? Let's think step by step."," You would need at least two hours in the morning to get up, wash, have breakfast, and go to work or school. That's from 7 a.m. to 9 a.m. Then, you would work or study for six hours. That's from 9 a.m. to 3 p.m. Afternoon is the best time to do sports. From 3 p.m. to 6 p.m. would be a perfect period for this. Of course, we must have dinner at 6 p.m. After that, we have to rest and may be do some light evening pastimes like listening to music or going for a walk. That's from 6 p.m. to 8 p.m. Before going to bed, perhaps you would like to read some newspapers. That's from 8 p.m. to 10 p.m. So the best length of a day would be from 7 a.m. to 10 p.m. That's 15 hours. If you like, we could have a longer evening. But remember, the longer our evening, the less sleep we get! Question: How long does it take us to get up, wash, have breakfast, and go to work or school if we decide the length of a day? Answer:
Answer: Two hours.","- Definition: This task encourages imaginative and speculative thinking by asking participants to consider hypothetical, often fantastical, scenarios and their implications. For example, just suppose you woke up one morning and found you could fly. What would you do? List as many things as you can think of.
- Example: Just suppose you could decide the length of a day. How long would it be and why? Let's think step by step.

| Dimension       | What to Look For                                              | 1                       | 3                     | 5                                                                                                    |
| --------------- | ------------------------------------------------------------- | ----------------------- | --------------------- | ---------------------------------------------------------------------------------------------------- |
| **Fluency**     | Number of actions/events imagined                             | 0–1                     | 4–6                   | ≥10                                                                                                  |
| **Flexibility** | Range of contexts (personal, societal, scientific, emotional) | one theme               | 3–4 themes            | ≥6 themes with clear shifts                                                                          |
| **Originality** | Imaginative twists                                            | typical (“fly to work”) | some inventive angles | multiple novel scenes or world-building ideas (“use flight to map micro-climates for urban gardens”) |
| **Elaboration** | Narrative detail and sensory depth                            | short list              | coherent mini-story   | vivid imagery + emotion + cohesive arc                                                               |
","false","false","false","false","true","false","false","true","false","false","false","false","false","true","false","true","false","false","false","false","true","false"
"31GN6YMHM88XSOKEAPRS1PXJCJASWF","3R1N6HJI9V6UE2Y7J9089JBDF2YWLQ","CreativityPrism - TTCT Part 2","Is this answer creative?","survey","$0.01","Wed Nov 26 08:53:40 PST 2025","3","BatchId:419923;OriginalHitTemplateId:921587278;","18000","259200","Wed Dec 10 08:53:40 PST 2025","","","39O5D9O87D8NHTROTMWS57DJ7K93CH","ASBYNQFL8H55W","Submitted","Sun Nov 30 11:28:47 PST 2025","Sun Nov 30 11:30:19 PST 2025","Wed Dec 03 11:30:19 PST 2025","","","","92","0% (0/0)","0% (0/0)","0% (0/0)","Just suppose you could invent a new sport. What would it be like? Let's think step by step."," In order to make your sport interesting, it needs to have the following features:

* A playing area. You could play indoors or outdoors. Indoors could be in a gym or a swimming pool or even a parking lot. Outdoors could be in a park, at the beach, in a forest, or on a golf course. Where would you choose?
* Equipment. What equipment would you need? Bats? Balls? Helmets? Swimming fins? What would be the most interesting equipment to use? Maybe you could use equipment from more than one sport. How about soccer played with hockey sticks and a soccer ball?
* Scoring. How do you win? Goals? Points? Relays? Knock-outs? Maybe it's a combination.
* Teams. How many players are on a team? How many teams can play at a time? Two? Four? Twenty?
* Duration. How long does a game last? Does the time stop for different events, like a time-out in basketball, a red card in soccer, or an injury in hockey? How long are the breaks between halves or periods?

Now, that you've thought about the features, let's play with some ideas:

* You might consider a game where players have to swim a moat, climb a wall, cross a rope bridge, and finally, answer a riddle to score a point.
* Then again, you might want a game where players have to dodge exploding discs, grab a token, and put it in their team's goal. (That's kind of a combination of ultimate frisbee and dodge ball.)
* You could even come up with an ice sport where players have to stand on floating platforms (think tightrope walkers' platforms) that move around unpredictably. They throw medicine balls at targets. Falling off your platform three times disqualifies you from scoring for the rest of the game.

So, how would you like your new sport? Remember, there are no wrong answers, just ideas that you like better than others. When you've got your rules together, try them out with your friends. You can tweak the rules as you play, making adjustments until the game is exactly as you want it.

Experimenting with sports rules and equipment is a lot of fun. It might even lead to a new Olympic sport. If you want to get more creative, don't forget about winter sports and extreme sports possibilities.

Have fun!

Return to","- Definition: This task encourages imaginative and speculative thinking by asking participants to consider hypothetical, often fantastical, scenarios and their implications. For example, just suppose you woke up one morning and found you could fly. What would you do? List as many things as you can think of.
- Example: Just suppose you could decide the length of a day. How long would it be and why? Let's think step by step.

| Dimension       | What to Look For                                              | 1                       | 3                     | 5                                                                                                    |
| --------------- | ------------------------------------------------------------- | ----------------------- | --------------------- | ---------------------------------------------------------------------------------------------------- |
| **Fluency**     | Number of actions/events imagined                             | 0–1                     | 4–6                   | ≥10                                                                                                  |
| **Flexibility** | Range of contexts (personal, societal, scientific, emotional) | one theme               | 3–4 themes            | ≥6 themes with clear shifts                                                                          |
| **Originality** | Imaginative twists                                            | typical (“fly to work”) | some inventive angles | multiple novel scenes or world-building ideas (“use flight to map micro-climates for urban gardens”) |
| **Elaboration** | Narrative detail and sensory depth                            | short list              | coherent mini-story   | vivid imagery + emotion + cohesive arc                                                               |
","false","false","true","false","false","false","false","true","false","false","false","false","true","false","false","false","true","false","true","false","false","false"
"31GN6YMHM88XSOKEAPRS1PXJCJASWF","3R1N6HJI9V6UE2Y7J9089JBDF2YWLQ","CreativityPrism - TTCT Part 2","Is this answer creative?","survey","$0.01","Wed Nov 26 08:53:40 PST 2025","3","BatchId:419923;OriginalHitTemplateId:921587278;","18000","259200","Wed Dec 10 08:53:40 PST 2025","","","3XUHV3NRV4EHCGP8TXYMVV8JY855HI","A3HYKKPRFXIOMS","Submitted","Sun Nov 30 09:31:30 PST 2025","Sun Nov 30 09:32:20 PST 2025","Wed Dec 03 09:32:20 PST 2025","","","","50","100% (20/20)","100% (20/20)","100% (20/20)","Just suppose you could invent a new sport. What would it be like? Let's think step by step."," In order to make your sport interesting, it needs to have the following features:

* A playing area. You could play indoors or outdoors. Indoors could be in a gym or a swimming pool or even a parking lot. Outdoors could be in a park, at the beach, in a forest, or on a golf course. Where would you choose?
* Equipment. What equipment would you need? Bats? Balls? Helmets? Swimming fins? What would be the most interesting equipment to use? Maybe you could use equipment from more than one sport. How about soccer played with hockey sticks and a soccer ball?
* Scoring. How do you win? Goals? Points? Relays? Knock-outs? Maybe it's a combination.
* Teams. How many players are on a team? How many teams can play at a time? Two? Four? Twenty?
* Duration. How long does a game last? Does the time stop for different events, like a time-out in basketball, a red card in soccer, or an injury in hockey? How long are the breaks between halves or periods?

Now, that you've thought about the features, let's play with some ideas:

* You might consider a game where players have to swim a moat, climb a wall, cross a rope bridge, and finally, answer a riddle to score a point.
* Then again, you might want a game where players have to dodge exploding discs, grab a token, and put it in their team's goal. (That's kind of a combination of ultimate frisbee and dodge ball.)
* You could even come up with an ice sport where players have to stand on floating platforms (think tightrope walkers' platforms) that move around unpredictably. They throw medicine balls at targets. Falling off your platform three times disqualifies you from scoring for the rest of the game.

So, how would you like your new sport? Remember, there are no wrong answers, just ideas that you like better than others. When you've got your rules together, try them out with your friends. You can tweak the rules as you play, making adjustments until the game is exactly as you want it.

Experimenting with sports rules and equipment is a lot of fun. It might even lead to a new Olympic sport. If you want to get more creative, don't forget about winter sports and extreme sports possibilities.

Have fun!

Return to","- Definition: This task encourages imaginative and speculative thinking by asking participants to consider hypothetical, often fantastical, scenarios and their implications. For example, just suppose you woke up one morning and found you could fly. What would you do? List as many things as you can think of.
- Example: Just suppose you could decide the length of a day. How long would it be and why? Let's think step by step.

| Dimension       | What to Look For                                              | 1                       | 3                     | 5                                                                                                    |
| --------------- | ------------------------------------------------------------- | ----------------------- | --------------------- | ---------------------------------------------------------------------------------------------------- |
| **Fluency**     | Number of actions/events imagined                             | 0–1                     | 4–6                   | ≥10                                                                                                  |
| **Flexibility** | Range of contexts (personal, societal, scientific, emotional) | one theme               | 3–4 themes            | ≥6 themes with clear shifts                                                                          |
| **Originality** | Imaginative twists                                            | typical (“fly to work”) | some inventive angles | multiple novel scenes or world-building ideas (“use flight to map micro-climates for urban gardens”) |
| **Elaboration** | Narrative detail and sensory depth                            | short list              | coherent mini-story   | vivid imagery + emotion + cohesive arc                                                               |
","false","false","false","true","false","false","false","false","true","false","false","false","false","true","false","false","true","false","false","true","false","false"