problem_id,problem,cleaned_references,cleaned_response,model
2016_AMC_8_Problems_15,"What is the largest power of $2$ that is a divisor of $13^4 - 11^4$?
$\textbf{(A)}\mbox{ }8\qquad \textbf{(B)}\mbox{ }16\qquad \textbf{(C)}\mbox{ }32\qquad \textbf{(D)}\mbox{ }64\qquad \textbf{(E)}\mbox{ }128$","Solution 1. First, we use difference of squares on $13^4 - 11^4 = (13^2)^2 - (11^2)^2$ to get $13^4 - 11^4 = (13^2 + 11^2)(13^2 - 11^2)$. Using difference of squares again and simplifying, we get $(169 + 121)(13+11)(13-11) = 290 \cdot 24 \cdot 2 = (2\cdot 8 \cdot 2) \cdot (3 \cdot 145)$. Realizing that we don't need the right-hand side because it doesn't contain any factor of 2, we see that the greatest power of $2$ that is a divisor $13^4 - 11^4$ is $\boxed{\textbf{(C)}\ 32}$.


==========
Solution 2. Just like in the above solution, we use the difference-of-squares factorization, but only once to get $13^4-11^4=(13^2-11^2)(13^2+11^2).$ We can then compute that this is equal to $48\cdot290.$ Note that $290=2\cdot145$ (we don't need to factorize any further as $145$ is already odd) thus the largest power of $2$ that divides $290$ is only $2^1=2,$ while $48=2^4\cdot3,$ so the largest power of $2$ that divides $48$ is $2^4=16.$ Hence, the largest power of $2$ that is a divisor of $13^4-11^4$ is $2\cdot16=\boxed{\textbf{(C)}~32}.$


==========
Solution 3. Let $n=13^4-11^4.$ We wish to find the largest power of $2$ that divides $n$.
Denote $v_p(k)$ as the largest exponent of $p$ in the prime factorization of $n$. In this problem, we have $p=2$. 
By the Lifting the Exponent Lemma on $n$, 
\[v_2(13^4-11^4)=v_2(13-11)+v_2(4)+v_2(13+11)-1\]
\[=v_2(2)+v_2(4)+v_2(24)-1\]
\[=1+2+3-1=5.\]
Therefore, exponent of the largest power of $2$ that divids $13^4-11^4$ is $5,$ so the largest power of $2$ that divides this number is $2^5=\boxed{\textbf{(C)} 32}$.","We start by expressing \(13\) as \(11 + 2\) and expand \((11 + 2)^4\) using the binomial theorem:
\[
(11 + 2)^4 = 11^4 + 4 \cdot 11^3 \cdot 2 + 6 \cdot 11^2 \cdot 2^2 + 4 \cdot 11 \cdot 2^3 + 2^4.
\]
Subtracting \(11^4\) from both sides gives:
\[
13^4 - 11^4 = 4 \cdot 11^3 \cdot 2 + 6 \cdot 11^2 \cdot 4 + 4 \cdot 11 \cdot 8 + 16.
\]
Simplify each term:
\[
= 8 \cdot 11^3 + 24 \cdot 11^2 + 32 \cdot 11 + 16.
\]
Factor out \(8\):
\[
= 8 \left(11^3 + 3 \cdot 11^2 + 4 \cdot 11 + 2\right).
\]
Compute the inner expression modulo \(2\). Since \(11 \equiv 1 \mod 2\):
\[
1^3 + 3 \cdot 1^2 + 4 \cdot 1 + 2 \equiv 1 + 3 + 4 + 2 = 10 \equiv 0 \mod 2.
\]
Thus, the inner term is even. Factor out \(2\):
\[
= 8 \cdot 2 \cdot \left(\frac{11^3 + 3 \cdot 11^2 + 4 \cdot 11 + 2}{2}\right) = 16 \cdot 870.
\]
Check \(870\) for evenness: \(870 = 2 \cdot 435\). Factor out \(2\) again:
\[
= 16 \cdot 2 \cdot 435 = 32 \cdot 435.
\]
Since \(435\) is odd, no further factors of \(2\) remain. The largest power of \(2\) dividing \(13^4 - 11^4\) is \(\boxed{\textbf{(C)}\ 32}\).",deepseek-reasoner_Claude_correctness_randomly_selected_novelty
1991_AJHSME_Problems_25,"An equilateral triangle is originally painted black.  Each time the triangle is changed, the middle fourth of each black triangle turns white.  After five changes, what fractional part of the original area of the black triangle remains black?
[asy] unitsize(36); fill((0,0)--(2,0)--(1,sqrt(3))--cycle,gray); draw((0,0)--(2,0)--(1,sqrt(3))--cycle,linewidth(1));  fill((4,0)--(6,0)--(5,sqrt(3))--cycle,gray); fill((5,0)--(9/2,sqrt(3)/2)--(11/2,sqrt(3)/2)--cycle,white); draw((5,sqrt(3))--(4,0)--(5,0)--(9/2,sqrt(3)/2)--(11/2,sqrt(3)/2)--(5,0)--(6,0)--cycle,linewidth(1)); fill((8,0)--(10,0)--(9,sqrt(3))--cycle,gray); fill((9,0)--(17/2,sqrt(3)/2)--(19/2,sqrt(3)/2)--cycle,white); fill((17/2,0)--(33/4,sqrt(3)/4)--(35/4,sqrt(3)/4)--cycle,white); fill((9,sqrt(3)/2)--(35/4,3*sqrt(3)/4)--(37/4,3*sqrt(3)/4)--cycle,white); fill((19/2,0)--(37/4,sqrt(3)/4)--(39/4,sqrt(3)/4)--cycle,white); draw((9,sqrt(3))--(35/4,3*sqrt(3)/4)--(37/4,3*sqrt(3)/4)--(9,sqrt(3)/2)--(35/4,3*sqrt(3)/4)--(33/4,sqrt(3)/4)--(35/4,sqrt(3)/4)--(17/2,0)--(33/4,sqrt(3)/4)--(8,0)--(9,0)--(17/2,sqrt(3)/2)--(19/2,sqrt(3)/2)--(9,0)--(19/2,0)--(37/4,sqrt(3)/4)--(39/4,sqrt(3)/4)--(19/2,0)--(10,0)--cycle,linewidth(1)); label(""Change 1"",(3,3*sqrt(3)/4),N); label(""$\Longrightarrow $"",(3,5*sqrt(3)/8),S); label(""Change 2"",(7,3*sqrt(3)/4),N); label(""$\Longrightarrow $"",(7,5*sqrt(3)/8),S); [/asy]
$\text{(A)}\ \frac{1}{1024} \qquad \text{(B)}\ \frac{15}{64} \qquad \text{(C)}\ \frac{243}{1024} \qquad \text{(D)}\ \frac{1}{4} \qquad \text{(E)}\ \frac{81}{256}$","Solution 1. With each change, $\frac{3}{4}$ of the black space from the previous stage remains.  Since there are $5$ changes, the fractional part of the triangle that remains black is $\left( \frac{3}{4} \right)^5=\frac{243}{1024}\rightarrow \boxed{\text{C}}$.","At each change, every black triangle is subdivided into four smaller congruent triangles, with the middle one turning white. This process replaces each black triangle with three smaller black triangles, each having one-fourth the area of the original. 

- **Initial Step (Change 0):**  
  There is 1 black triangle.  
  Total black area = \(1\).

- **After 1st Change:**  
  Number of black triangles = \(3\), each with area \(\frac{1}{4}\).  
  Total black area = \(3 \times \frac{1}{4} = \frac{3}{4}\).

- **After 2nd Change:**  
  Each of the 3 triangles splits into 3, resulting in \(3^2 = 9\) black triangles, each with area \(\frac{1}{4^2}\).  
  Total black area = \(9 \times \frac{1}{16} = \left(\frac{3}{4}\right)^2\).

Continuing this pattern, after \(n\) changes:  
- Number of black triangles = \(3^n\),  
- Each triangle's area = \(\frac{1}{4^n}\),  
- Total black area = \(3^n \times \frac{1}{4^n} = \left(\frac{3}{4}\right)^n\).

For \(n = 5\):  
Total remaining black area = \(\left(\frac{3}{4}\right)^5 = \frac{243}{1024}\).  

\(\boxed{\text{C}}\)",deepseek-reasoner_Claude_correctness_randomly_selected_novelty
1996_AJHSME_Problems_20,"Suppose there is a special key on a calculator that replaces the number $x$ currently displayed with the number given by the formula $1/(1-x)$.  For example, if the calculator is displaying 2 and the special key is pressed, then the calculator will display -1 since $1/(1-2)=-1$.  Now suppose that the calculator is displaying 5.  After the special key is pressed 100 times in a row, the calculator will display 
$\text{(A)}\ -0.25 \qquad \text{(B)}\ 0 \qquad \text{(C)}\ 0.8 \qquad \text{(D)}\ 1.25 \qquad \text{(E)}\ 5$","Solution 1. We look for a pattern, hoping this sequence either settles down to one number, or that it forms a cycle that repeats.
After $1$ press, the calculator displays $\frac{1}{1 - 5} = -\frac{1}{4}$
After $2$ presses, the calculator displays $\frac{1}{1 - (-\frac{1}{4})} = \frac{1}{\frac{5}{4}} = \frac{4}{5}$
After $3$ presses, the calculator displays $\frac{1}{1 - \frac{4}{5}} = \frac{1}{\frac{1}{5}} = 5$
Thus, every three presses, the display will be $5$.  On press $3\cdot 33 = 99$, the display will be $5$.  One more press will give $-\frac{1}{4}$, which is answer $\boxed{A}$.","To solve the problem, we can model the special key's function as a Möbius transformation and analyze its periodicity using linear algebra. 

1. **Represent the function as a matrix**:  
   The transformation \( f(x) = \frac{1}{1 - x} \) corresponds to the matrix \( M = \begin{pmatrix} 0 & 1 \\ -1 & 1 \end{pmatrix} \). Möbius transformations compose via matrix multiplication.

2. **Compute eigenvalues and powers of \( M \)**:
   - The characteristic equation of \( M \) is \( \lambda^2 - \lambda + 1 = 0 \), yielding eigenvalues \( \lambda = \frac{1 \pm i\sqrt{3}}{2} \), which are primitive 6th roots of unity.
   - Calculating \( M^3 \), we find \( M^3 = -I \), confirming that applying the transformation three times is equivalent to the identity operation (up to a scalar multiple, which does not affect the result).

3. **Determine the 100th iteration**:
   - Since \( M^3 = -I \), pressing the key 99 times (a multiple of 3) brings the display back to 5. The 100th press applies \( M \) once more, yielding \( f(5) = -\frac{1}{4} \).

**Answer**: \(\boxed{A}\)",deepseek-reasoner_Claude_correctness_randomly_selected_novelty
2001_AMC_8_Problems_25,"There are 24 four-digit whole numbers that use each of the four digits 2, 4, 5 and 7 exactly once. Only one of these four-digit numbers is a multiple of another one. Which of the following is it?
$\textbf{(A)}\ 5724 \qquad \textbf{(B)}\ 7245 \qquad \textbf{(C)}\ 7254 \qquad \textbf{(D)}\ 7425 \qquad \textbf{(E)}\ 7542$","Solution 1. We begin by narrowing down the possibilities. If the larger number were twice the smaller number, then the smallest possibility for the larger number is $2457\times2=4914$, since $2457$ is the smallest number in the set. The largest possibility would have to be twice the largest number in the set such that when it is multiplied by $2$, it is less than or equal to $7542$, the largest number in the set. This happens to be $2754\times2=5508$. Therefore, the number would have to be between $4914$ and $5508$, and also even. The only even numbers in the set and in this range are $5472$ and $5274$. A quick check reveals that neither of these numbers is twice a number in the set. The number can't be quadruple or more another number in the set since $2457\times4=9828$, well past the range of the set. Therefore, the number must be triple another number in the set. The least possibility is $2457\times3=7371$ and the greatest is $2475\times3=7425$, since any higher number in the set multiplied by $3$ would be out of the range of the set. Reviewing, we find that the upper bound does in fact work, so the multiple is $2475\times3=7425, \boxed{\textbf{(D)}}$

Or, since the greatest number possible divided by the smallest number possible is slightly greater than 3, divide all of the choices by 2, then 3 and see if the resulting answer contains 2,4,5 and 7. Doing so, you find that $7425/3 = 2475,  \boxed{\textbf{(D)}}$","We analyze the units digits and divisibility rules to narrow down the options:

1. **Units Digit Consideration:**  
   For a number \( X \) to be a multiple of another number \( Y \) composed of digits {2,4,5,7}, \( X \) must end in a digit achievable through multiplication. If \( Y \) ends in 5, \( X \) must also end in 5 (since \( 5 \times k \) modulo 10 is 5 for odd \( k \)). Among the options, only **B (7245)** and **D (7425)** end in 5.

2. **Filtering Possible Divisors:**  
   Numbers ending in 5 must be divisible by 5, so \( Y \) must end in 5. The valid permutations ending in 5 are:  
   2475, 2745, 4275, 4725, 7245.  
   We test if **D (7425)** is divisible by any of these:  
   - \( 7425 \div 2475 = 3 \), confirming \( 7425 = 2475 \times 3 \).  
   - \( 2475 \) is a permutation of {2,4,5,7}, satisfying the condition.  

3. **Eliminating Other Options:**  
   - For even options (A, C, E), dividing by 2 results in invalid digits (e.g., 5724/2 = 2862, containing 6 and 8).  
   - **B (7245)** divided by candidates like 2415 (invalid due to digit 1) or 2745 (non-integer quotient) fails.  

Thus, **D (7425)** is divisible by another permutation (2475) and is the answer.  

\(\boxed{\textbf{D}}\)",deepseek-reasoner_Claude_correctness_randomly_selected_novelty
1996_AJHSME_Problems_12,"What number should be removed from the list
\[1,2,3,4,5,6,7,8,9,10,11\]
so that the average of the remaining numbers is $6.1$?
$\text{(A)}\ 4 \qquad \text{(B)}\ 5 \qquad \text{(C)}\ 6 \qquad \text{(D)}\ 7 \qquad \text{(E)}\ 8$","Solution 1. Adding all of the numbers gives us $\frac{11\cdot12}{2}=66$ as the current total. Since there are $11$ numbers, the current average is $\frac{66}{11}=6$. We need to take away a number from the total and then divide the result by $10$ because there will only be $10$ numbers left to give an average of $6.1$. Setting up the equation:
$\frac{66-x}{10}=6.1$
$66 - x = 61$
$x = 5$
Thus, the answer is $\boxed{B}$","To determine which number to remove, test each option by subtracting it from the total sum and checking if the new average is 6.1.

1. **Original sum**: \(1 + 2 + \dots + 11 = \frac{11 \cdot 12}{2} = 66\).  
2. **Test each choice**:  
   - **A) Remove 4**: New sum = \(66 - 4 = 62\). Average = \(\frac{62}{10} = 6.2\) (Not 6.1).  
   - **B) Remove 5**: New sum = \(66 - 5 = 61\). Average = \(\frac{61}{10} = 6.1\) (Correct).  
   - Further checks for C, D, E are unnecessary once the correct answer is found.  

**Conclusion**: The number to remove is \(\boxed{B}\).",deepseek-reasoner_Claude_correctness_randomly_selected_novelty
1996_AJHSME_Problems_12,"What number should be removed from the list
\[1,2,3,4,5,6,7,8,9,10,11\]
so that the average of the remaining numbers is $6.1$?
$\text{(A)}\ 4 \qquad \text{(B)}\ 5 \qquad \text{(C)}\ 6 \qquad \text{(D)}\ 7 \qquad \text{(E)}\ 8$","Solution 1. Adding all of the numbers gives us $\frac{11\cdot12}{2}=66$ as the current total. Since there are $11$ numbers, the current average is $\frac{66}{11}=6$. We need to take away a number from the total and then divide the result by $10$ because there will only be $10$ numbers left to give an average of $6.1$. Setting up the equation:
$\frac{66-x}{10}=6.1$
$66 - x = 61$
$x = 5$
Thus, the answer is $\boxed{B}$


==========
Solution 2. Similar to the first solution, the current total is $66$.  Since there are $11$ numbers on the list, taking $1$ number away will leave $10$ numbers.  If those $10$ numbers have an average of $6.1$, then those $10$ numbers must have a sum of $10 \times 6.1 = 61$.  Thus, the number that was removed must be $66 - 61 = 5$, and the answer is $\boxed{B}$.","Consider the original average of the numbers, which is \(6\). Removing a number affects the average based on its deviation from this original average. Let \(x\) be the number removed. The deviation of \(x\) from the original average is \(x - 6\). Removing \(x\) changes the total sum of deviations from \(0\) (since the original deviations sum to zero) to \(- (x - 6)\). The new average becomes:  
\[
6 + \frac{ - (x - 6) }{10} = 6.1
\]  
Solving for \(x\):  
\[
6 + \frac{6 - x}{10} = 6.1 \implies \frac{6 - x}{10} = 0.1 \implies 6 - x = 1 \implies x = 5
\]  
Thus, the number to be removed is \(\boxed{B}\).",deepseek-reasoner_Claude_correctness_randomly_selected_novelty
1996_AJHSME_Problems_25,"A point is chosen at random from within a circular region.  What is the probability that the point is closer to the center of the region than it is to the boundary of the region?
$\text{(A)}\frac{1}{4} \qquad \text{(B)}\frac{1}{3} \qquad \text{(C)}\frac{1}{2} \qquad \text{(D)}\frac{2}{3} \qquad \text{(E)}\frac{3}{4}$","Solution 1. Draw a circle with a radius of $2$.  Draw a concentric circle with radius $1$.  The circumference of this inner circle is the set of all points that are $1$ from the center, and $1$ from the outer circle meaning the set of points are equidistant from the center of the circles to the outside of the big circle.  
The inside of smaller circle is the set of all points that are closer to the center of the region than to the boundary of the outer circle.  The ""washer"" region that is outside the circle of radius $1$, but inside the circle of radius $2$, is the set of all points that are closer to the boundary than to the center of the circle.
If you select a random point in a region of area $B$, the probability that the point is in a smaller subregion $A$ is the ratio $\frac{A}{B}$.  In this case, $B = \pi\cdot 2^2 = 4\pi$, and $A = \pi\cdot 1^2 = \pi$, and the ratio of areas is $\frac{\pi}{4\pi} = \frac{1}{4}$, and the answer is $\boxed{A}$.","Consider the circular region with radius \( R \). When choosing a point uniformly at random, the probability distribution of the distance \( r \) from the center is not uniform due to the increasing area with radius. The probability density function for \( r \) is \( f(r) = \frac{2r}{R^2} \) for \( 0 \leq r \leq R \). The condition for a point to be closer to the center than the boundary is \( r < R - r \), which simplifies to \( r < \frac{R}{2} \). The probability is computed by integrating the density function up to \( \frac{R}{2} \):

\[
P\left(r < \frac{R}{2}\right) = \int_0^{\frac{R}{2}} \frac{2r}{R^2} \, dr = \left[\frac{r^2}{R^2}\right]_0^{\frac{R}{2}} = \frac{\left(\frac{R}{2}\right)^2}{R^2} = \frac{1}{4}.
\]

Thus, the probability is \(\boxed{A}\).",deepseek-reasoner_Claude_correctness_randomly_selected_novelty
2012_AMC_10A_Problems_21,"Let points $A$ = $(0 ,0 ,0)$, $B$ = $(1, 0, 0)$, $C$ = $(0, 2, 0)$, and $D$ = $(0, 0, 3)$. Points $E$, $F$, $G$, and $H$ are midpoints of line segments $\overline{BD},\text{ }  \overline{AB}, \text{ } \overline {AC},$ and $\overline{DC}$ respectively. What is the area of $EFGH$?
$\textbf{(A)}\ \sqrt{2}\qquad\textbf{(B)}\ \frac{2\sqrt{5}}{3}\qquad\textbf{(C)}\ \frac{3\sqrt{5}}{4}\qquad\textbf{(D)}\ \sqrt{3}\qquad\textbf{(E)}\ \frac{2\sqrt{7}}{3}$","Solution 1. Consider a tetrahedron with vertices at $A,B,C,D$ on the $xyz$-plane. The length of $EF$ is just one-half of $AD$ because it is the midsegment of $\triangle ABD.$ The same concept applies to the other side lengths. $AD=3$ and $BC=\sqrt{1^2+2^2}=\sqrt{5}$. Then $EF=HG=\frac32$ and $EH=FG=\frac{\sqrt{5}}{2}$. The line segments lie on perpendicular planes so quadrilateral $EFGH$ is a rectangle. The area is
\[EF \cdot FG = \frac 32 \cdot \frac{\sqrt{5}}{2} = \frac{3\sqrt 5} 4\implies \boxed{\textbf C}.\]
[asy] import three; draw((0,0,0)--(1,0,0)--(0,0,3)--cycle); draw((0,0,0)--(0,2,0)); draw((0,2,0)--(0,0,3)); //EFGH draw((0.5,0,1.5)--(0.5,0,0)--(0,1,0)--(0,1,1.5)--(0.5,0,1.5),red); //Points label(""$E$"",(0.5,0,1.5),NW); label(""$F$"",(0.5,0,0),S); label(""$G$"",(0,1,0),S); label(""$H$"",(0,1,1.5),NE); label(""$A$"",(0,0,0),NE); label(""$B$"",(1,0,0),S); label(""$C$"",(0,2,0),S); label(""$D$"",(0,0,3),N); [/asy]","To determine the area of quadrilateral \( EFGH \), we can use coordinate geometry and vector cross products.

1. **Find Coordinates of Midpoints:**
   - \( E \) (midpoint of \( \overline{BD} \)): \( \left(\frac{1+0}{2}, \frac{0+0}{2}, \frac{0+3}{2}\right) = \left(0.5, 0, 1.5\right) \)
   - \( F \) (midpoint of \( \overline{AB} \)): \( \left(\frac{0+1}{2}, \frac{0+0}{2}, \frac{0+0}{2}\right) = \left(0.5, 0, 0\right) \)
   - \( G \) (midpoint of \( \overline{AC} \)): \( \left(\frac{0+0}{2}, \frac{0+2}{2}, \frac{0+0}{2}\right) = \left(0, 1, 0\right) \)
   - \( H \) (midpoint of \( \overline{DC} \)): \( \left(\frac{0+0}{2}, \frac{2+0}{2}, \frac{0+3}{2}\right) = \left(0, 1, 1.5\right) \)

2. **Compute Vectors for Adjacent Sides:**
   - \( \overrightarrow{EF} = F - E = (0, 0, -1.5) \)
   - \( \overrightarrow{FG} = G - F = (-0.5, 1, 0) \)

3. **Calculate Cross Product:**
   \[
   \overrightarrow{EF} \times \overrightarrow{FG} = \begin{vmatrix}
   \mathbf{i} & \mathbf{j} & \mathbf{k} \\
   0 & 0 & -1.5 \\
   -0.5 & 1 & 0
   \end{vmatrix} = (1.5, 0.75, 0)
   \]

4. **Find Magnitude of Cross Product:**
   \[
   \text{Area} = \sqrt{(1.5)^2 + (0.75)^2} = \sqrt{2.25 + 0.5625} = \sqrt{2.8125} = \frac{3\sqrt{5}}{4}
   \]

Thus, the area of \( EFGH \) is \(\boxed{\textbf{C}}\).",deepseek-reasoner_Claude_correctness_randomly_selected_novelty
2008_AMC_10A_Problems_5,"Which of the following is equal to the product 
\[\frac{8}{4}\cdot\frac{12}{8}\cdot\frac{16}{12}\cdot\cdots\cdot\frac{4n+4}{4n}\cdot\cdots\cdot\frac{2008}{2004}?\]
$\textbf{(A)}\ 251\qquad\textbf{(B)}\ 502\qquad\textbf{(C)}\ 1004\qquad\textbf{(D)}\ 2008\qquad\textbf{(E)}\ 4016$","Solution 1. $\frac {8}{4}\cdot\frac {12}{8}\cdot\frac {16}{12}\cdots\frac {4n + 4}{4n}\cdots\frac {2008}{2004} = \frac {1}{4}\cdot\left(\frac {8}{8}\cdot\frac {12}{12}\cdots\frac {4n}{4n}\cdots\frac {2004}{2004}\right)\cdot 2008 = \frac{2008}{4} =$ $502 \Rightarrow B$.


==========
Solution 2. Notice that everything cancels out except for $2008$ in the numerator and $4$ in the denominator.
Thus, the product is $\frac{2008}{4}=502$, and the answer is $\textbf{(B)}$.","Each term in the product can be rewritten as \(\frac{4(k + 1)}{4k} = \frac{k + 1}{k}\). The product then becomes:  
\[
\left(\frac{2}{1}\right) \cdot \left(\frac{3}{2}\right) \cdot \left(\frac{4}{3}\right) \cdots \left(\frac{502}{501}\right).  
\]  
Here, every numerator cancels with the denominator of the subsequent term, leaving only the last numerator (\(502\)) and the first denominator (\(1\)). Thus, the product simplifies to \(502\).",deepseek-reasoner_Claude_correctness_randomly_selected_novelty
2005_AMC_10B_Problems_19,"On a certain math exam, $10\%$ of the students got $70$ points, $25\%$ got $80$ points, $20\%$ got $85$ points, $15\%$ got $90$ points, and the rest got $95$ points.  What is the difference between the mean and the median score on this exam?
$\textbf{(A) }\ 0 \qquad \textbf{(B) }\ 1 \qquad \textbf{(C) }\ 2 \qquad \textbf{(D) }\ 4 \qquad \textbf{(E) }\ 5$","Solution 1. To begin, we see that the remaining $30\%$ of the students got $95$ points. Assume that there are $20$ students; we see that $2$ students got $70$ points, $5$ students got $80$ points, $4$ students got $85$ points, $3$ students got $90$ points, and $6$ students got $95$ points. The median is $85$, since the $10^{\text{th}}$ and $11^{\text{th}}$ terms are both $85$. The mean is $\dfrac{70\,(2)+80\,(5)+85\,(4)+90\,(3)+95\,(6)}{20}=\dfrac{1720}{20}=86$. The difference between the mean and median, therefore, is $\boxed{\textbf{(B)}\ 1}$.","To determine the mean and median without assuming a specific number of students, use the given percentages directly.  

**Median:**  
Cumulative distribution:  
- 10% scored ≤70,  
- 35% (10%+25%) scored ≤80,  
- 55% (35%+20%) scored ≤85.  
Since the median is the 50th percentile, it lies within the 85-point group.  
**Median = 85.**

**Mean:**  
Compute the weighted average using percentages as weights:  
\[
\begin{align*}
\text{Mean} &= (0.10 \times 70) + (0.25 \times 80) + (0.20 \times 85) + (0.15 \times 90) + (0.30 \times 95) \\
&= 7 + 20 + 17 + 13.5 + 28.5 \\
&= 86.
\end{align*}
\]

**Difference:**  
\( 86 - 85 = 1 \).  

Answer: \(\boxed{\textbf{(B)}\ 1}\)",deepseek-reasoner_Claude_correctness_randomly_selected_novelty
