problem_id,problem,proposed_solution,reference_solution,alvin,joey
1964_AHSME_Problems_40,"A watch loses \(2\frac{1}{2}\) minutes per day. It is set right at \(1\) P.M. on March 15. Let \(n\) be the positive correction, in minutes, to be added to the time shown by the watch at a given time. When the watch shows \(9\) A.M. on March 21, \(n\) equals:
\(\textbf{(A) }14\frac{14}{23}\qquad\textbf{(B) }14\frac{1}{14}\qquad\textbf{(C) }13\frac{101}{115}\qquad\textbf{(D) }13\frac{83}{115}\qquad \textbf{(E) }13\frac{13}{23}\)","To solve the problem, we start by converting all time units to minutes for clarity.

**Step 1: Calculate total watch time elapsed**  
From March 15 1 P.M. to March 21 9 A.M., the watch shows:  
- Days: March 15–21 = 6 days.  
- Subtract 4 hours (from 1 P.M. to 9 A.M.) = \(6 \times 24 - 4 = 140\) hours.  
Convert to minutes: \(140 \times 60 = 8400\) watch minutes.

**Step 2: Determine real time corresponding to watch time**  
The watch loses \(2.5\) minutes per real day (\(1440\) minutes). Thus, in \(1440\) real minutes, the watch shows \(1440 - 2.5 = 1437.5\) minutes. The ratio of real time to watch time is:  
\(
\frac{1440}{1437.5} = \frac{576}{575}
\)

**Step 3: Compute real time for 8400 watch minutes**  
Multiply the watch minutes by this ratio:  
\(
\text{Real time} = 8400 \times \frac{576}{575} = 8400 \times \left(1 + \frac{1}{575}\right)
\)

**Step 4: Find the difference between real and watch time**  
The correction \(n\) is the excess real time:  
\(
n = 8400 \times \frac{1}{575} = \frac{8400}{575} = \frac{336}{23} = 14 \frac{14}{23} \text{ minutes}
\)

**Final Answer**  
\(\boxed{A}\)","Solution 1. From March 15 \(1\) P.M. on the watch to March 21 \(9\) A.M. on the watch, the watch passed \(20 + 5 \times 24 = 140\) hours. 
Since \(1\) watch hour equals \(\frac{24}{23 + \frac{57.5}{60}} = \frac{576}{575}\) real hour, the difference between the watch time and the actual time passed is \(140 \times \left( \frac{576}{575} - 1 \right) = \frac{28}{115}\) hour \(=14\frac{14}{23}\) minutes.",Not Novel,Not Novel
1984_AHSME_Problems_22,"Let \(a\) and \(c\) be fixed . For each  \(t\) let \((x_t, y_t)\) be the  of the  \(y=ax^2+bx+c\). If the set of the vertices \((x_t, y_t)\) for all real numbers of \(t\) is graphed on the , the  is
\(\mathrm{(A) \ } \text{a straight line} \qquad \mathrm{(B) \ } \text{a parabola} \qquad \mathrm{(C) \ } \text{part, but not all, of a parabola} \qquad \mathrm{(D) \ } \text{one branch of a hyperbola} \qquad\) \(\mathrm{(E) \ } \text{None of these}\)","To determine the vertex of the parabola \( y = ax^2 + bx + c \), we first compute its derivative with respect to \( x \):

\(
\frac{dy}{dx} = 2ax + b.
\)

Setting the derivative to zero to locate the critical point (vertex):

\(
2ax + b = 0 \implies x = -\frac{b}{2a}.
\)

Substitute \( x = -\frac{b}{2a} \) back into the original equation to find the \( y \)-coordinate of the vertex:

\(
y = a\left(-\frac{b}{2a}\right)^2 + b\left(-\frac{b}{2a}\right) + c = \frac{b^2}{4a} - \frac{b^2}{2a} + c = -\frac{b^2}{4a} + c.
\)

Thus, the vertex coordinates are \( \left( -\frac{b}{2a}, -\frac{b^2}{4a} + c \right) \). To express \( y \) solely in terms of \( x \), solve for \( b \) from \( x = -\frac{b}{2a} \):

\(
b = -2ax.
\)

Substitute \( b = -2ax \) into the expression for \( y \):

\(
y = -\frac{(-2ax)^2}{4a} + c = -ax^2 + c.
\)

This equation \( y = -ax^2 + c \) represents a parabola. Since every vertex lies on this curve and every point on the curve corresponds to a unique \( b \), the locus of vertices is a complete parabola. The answer is \(\boxed{\text{B}}\).","Solution 1. The x-coordinate of the vertex of a parabola is \(-\frac{b}{2a}\), so \(x_t=-\frac{b}{2a}\). Plugging this into \(y=ax^2+bx+c\) yields \(y=-\frac{b^2}{4a^2}+c\), so \(y_t=-\frac{b^2}{4a^2}+c\). Notice that \(y_t=-\frac{b^2}{4a^2}+c=-a(-\frac{b}{2a})^2+c=-ax_t^2+c\), so all of the vertices are on a parabola. However, we have only showed that all of the points in the locus of vertices are on a parabola, we have not shown whether or not all points on the parabola are on the locus. Assume we are given an \(x_t\) on the parabola. \(-\frac{b}{2a}=x_t\), \(b=-2ax_t\), so a unique \(b\), and therefore a unique vertex, is determined for each point on the parabola. We therefore conclude that every point in the locus is on the parabola and every point on the parabola is in the locus, and the graph of the locus is the same as the graph of the parabola, \(\boxed{\text{B}}\).",Not Novel,Not Novel
1984_AIME_Problems_9,"In tetrahedron \(ABCD\), edge \(AB\) has length 3 cm. The area of face \(ABC\) is \(15\mbox{cm}^2\) and the area of face \(ABD\) is \(12 \mbox { cm}^2\). These two faces meet each other at a \(30^\circ\) angle. Find the volume of the tetrahedron in \(\mbox{cm}^3\).","1. **Coordinate Setup:**
   - Place vertex \( A \) at the origin \((0,0,0)\) and \( B \) at \((3,0,0)\) along the x-axis.
   - Let \( C \) lie in the xy-plane. Since the area of \( \triangle ABC \) is \(15 \, \text{cm}^2\), the height from \( C \) to \( AB \) is \(10 \, \text{cm}\). Assume \( C = (1.5, 10, 0) \) (midpoint for simplicity, but position along \( AB \) doesn’t affect volume).

2. **Normal Vectors and Dihedral Angle:**
   - The normal vector to face \( ABC \) is \( \mathbf{n}_1 = (0,0,1) \).
   - Let \( D = (x, y, z) \). The vectors \( AB = (3,0,0) \) and \( AD = (x,y,z) \).
   - Compute the normal to face \( ABD \): \( \mathbf{n}_2 = AB \times AD = (0, -3z, 3y) \).

3. **Dihedral Angle Condition:**
   - The dihedral angle \( 30^\circ \) implies \( \cos 30^\circ = \frac{\mathbf{n}_1 \cdot \mathbf{n}_2}{|\mathbf{n}_1||\mathbf{n}_2|} \).
   - Calculate \( \mathbf{n}_1 \cdot \mathbf{n}_2 = 3y \) and \( |\mathbf{n}_2| = 3\sqrt{y^2 + z^2} \).
   - Solving \( \frac{y}{\sqrt{y^2 + z^2}} = \frac{\sqrt{3}}{2} \) gives \( y = \pm\sqrt{3}z \).

4. **Area Constraint for \( \triangle ABD \):**
   - The area \(12 \, \text{cm}^2\) leads to \( \sqrt{y^2 + z^2} = 8 \).
   - Substitute \( y = \sqrt{3}z \): \( z^2 + 3z^2 = 64 \Rightarrow z = \pm4 \).

5. **Volume via Scalar Triple Product:**
   - Compute \( AB \times AC = (0,0,30) \).
   - Dot product with \( AD \): \( (0,0,30) \cdot (x, y, z) = 30z \).
   - Volume \( V = \frac{1}{6}|30z| = \frac{1}{6}(120) = 20 \, \text{cm}^3 \).

**Answer:** \(\boxed{020}\)","Solution 1. Position face \(ABC\) on the bottom. Since \([\triangle ABD] = 12 = \frac{1}{2} \cdot AB \cdot h_{ABD}\), we find that \(h_{ABD} = 8\). Because the problem does not specify, we may assume both \(ABC\) and \(ABD\) to be isosceles triangles. Thus, the height of \(ABD\) forms a \(30-60-90\) with the height of the tetrahedron. So, \(h = \frac{1}{2} (8) = 4\). The volume of the tetrahedron is thus \(\frac{1}{3}Bh = \frac{1}{3} \cdot15 \cdot 4 = \boxed{020}\).


<br><br>==========<br>
Solution 2. It is clear that \(DX=8\) and \(CX=10\) where \(X\) is the foot of the perpendicular from \(D\) and \(C\) to side \(AB\). Thus \([DXC]=\frac{ab\sin{c}}{2}=20=5 \cdot h \rightarrow h = 4\) where h is the height of the tetrahedron from \(D\). Hence, the volume of the tetrahedron is \(\frac{bh}{3}=15\cdot \frac{4}{3}=\boxed{020}\)

(Note this actually isn't rigorous because they never proved that the height from \(D\) to \(XC\) is the altitude of the tetrahedron.",Novel,Novel
1986_AJHSME_Problems_6,"\(\frac{2}{1-\frac{2}{3}}=\)
\(\text{(A)}\ -3 \qquad \text{(B)}\ -\frac{4}{3} \qquad \text{(C)}\ \frac{2}{3} \qquad \text{(D)}\ 2 \qquad \text{(E)}\ 6\)","Multiply both the numerator and the denominator of the entire expression by 3 to eliminate the inner fraction:  
\(
\frac{2 \times 3}{\left(1 \times 3 - \frac{2}{3} \times 3\right)} = \frac{6}{3 - 2} = \frac{6}{1} = 6.
\)  
\(\boxed{\text{E}}\)","Solution 1. Just simplify the bottom as \(\frac{3}{3}-\frac{2}{3}=\frac{1}{3}\), getting us \(\frac{2}{\frac{1}{3}}\), with which we multiply top and bottom by 3, we get \(\frac{6}{1}\), or \(6\)
\(\boxed{\text{E}}\)",Novel,Not Novel
1994_AHSME_Problems_24,"A sample consisting of five observations has an arithmetic mean of \(10\) and a median of \(12\). The smallest value that the range (largest observation minus smallest) can assume for such a sample is
\(\textbf{(A)}\ 2 \qquad\textbf{(B)}\ 3 \qquad\textbf{(C)}\ 5 \qquad\textbf{(D)}\ 7 \qquad\textbf{(E)}\ 10\)","Here's the step-by-step reasoning:

1. **Test Option A (Range = 2):**
   - Assume the smallest range is 2. Let the dataset be \(x, x, 12, y, y\) where \(y - x = 2\).
   - Total sum: \(2x + 12 + 2y = 50 \implies x + y = 19\).
   - Substitute \(y = x + 2\): \(x + (x + 2) = 19 \implies x = 8.5\), \(y = 10.5\).
   - But \(y = 10.5 < 12\), violating \(y \geq 12\). **Rejected.**

2. **Test Option B (Range = 3):**
   - Assume range = 3. Let \(y = x + 3\).
   - Total sum: \(x + y = 19 \implies x + (x + 3) = 19 \implies x = 8\), \(y = 11\).
   - Again, \(y = 11 < 12\), violating \(y \geq 12\). **Rejected.**

3. **Test Option C (Range = 5):**
   - Assume range = 5. Let \(y = x + 5\).
   - Total sum: \(x + y = 19 \implies x + (x + 5) = 19 \implies x = 7\), \(y = 12\).
   - Construct dataset: \(\{7, 7, 12, 12, 12\}\).
   - Sum: \(7 + 7 + 12 + 12 + 12 = 50\). All constraints satisfied. **Valid.**

The answer is \(\boxed{\textbf{(C)}\ 5\).","Solution 1. The minimum range occurs in the set \(\{7,7,12,12,12\}\), so the answer is \(\boxed{\textbf{(C)}\ 5}\)",Novel,Novel
1994_AJHSME_Problems_7,"If \(\angle A = 60^\circ\), \(\angle E = 40^\circ\) and \(\angle C = 30^\circ\), then \(\angle BDC =\)
[asy] pair A,B,C,D,EE; A = origin; B = (2,0); C = (5,0); EE = (1.5,3); D = (1.75,1.5); draw(A--C--D); draw(B--EE--A); dot(A); dot(B); dot(C); dot(D); dot(EE); label(""\(A\)"",A,SW); label(""\(B\)"",B,S); label(""\(C\)"",C,SE); label(""\(D\)"",D,NE); label(""\(E\)"",EE,N); [/asy]
\(\text{(A)}\ 40^\circ \qquad \text{(B)}\ 50^\circ \qquad \text{(C)}\ 60^\circ \qquad \text{(D)}\ 70^\circ \qquad \text{(E)}\ 80^\circ\)","Using the Law of Sines in triangle \(ABE\):
\(
\frac{AB}{\sin 40^\circ} = \frac{BE}{\sin 60^\circ} = \frac{AE}{\sin 80^\circ}
\)
Assuming \(AB = 1\), we find the proportional lengths of \(BE\) and \(AE\). Recognizing that \(\angle CBD\) is an exterior angle to triangle \(ABE\) at \(B\), we determine \(\angle CBD = 180^\circ - 80^\circ = 100^\circ\). In triangle \(BDC\), applying the triangle angle sum:
\(
\angle BDC = 180^\circ - 100^\circ - 30^\circ = 50^\circ
\)
Thus, \(\angle BDC = \boxed{\text{(B)}\ 50^\circ}\).","Solution 1. The sum of the angles in a triangle is \(180^\circ\). We can find \(\angle ABE = 80^\circ\), so \(\angle CBD = 180-80=100^\circ\).
\(\angle BDC = 180-100-30=\boxed{\text{(B)}\ 50^\circ}\)",Not Novel,Not Novel
1996_AJHSME_Problems_1,"How many positive factors of 36 are also multiples of 4?
\(\text{(A)}\ 2 \qquad \text{(B)}\ 3 \qquad \text{(C)}\ 4 \qquad \text{(D)}\ 5 \qquad \text{(E)}\ 6\)","A positive factor of 36 that is a multiple of 4 must include at least \(2^2\) in its prime factorization. The prime factorization of 36 is \(2^2 \cdot 3^2\). For such factors, the exponent of 2 must be exactly 2 (since higher exponents would exceed 36's factorization), and the exponent of 3 can be 0, 1, or 2. This gives three combinations:  
- \(2^2 \cdot 3^0 = 4\)  
- \(2^2 \cdot 3^1 = 12\)  
- \(2^2 \cdot 3^2 = 36\)  

Thus, there are \(\boxed{B}\) such factors.","Solution 1. The factors of \(36\) are \(1, 2, 3, 4, 6, 9, 12, 18,\) and \(36\).
The multiples of \(4\) up to \(36\) are \(4, 8, 12, 16, 20, 24, 28, 32\) and \(36\).
Only \(4, 12\) and \(36\) appear on both lists, so the answer is \(3\), which is option \(\boxed{B}\).


<br><br>==========<br>
Solution 2. \(36 = 4^1 \cdot 3^2\). All possible factors of \(36\) will be here, except for ones divisible by \(2\) and not by \(4\). \((1+1)\cdot (2+1) = 6\). Subtract factors not divisible by \(4\), which are \(1\), \(3^1\), and \(3^2\). \(6-3=3\), which is \(\boxed{B}\).


<br><br>==========<br>
Solution 3. Divide \(36\) by \(4\), and the remaining factors, when multiplied by \(4\), will be factors of \(36\).
\(36 \div 4 = 9\), which has \(3\) factors, giving us option \(\boxed{B}\).",Not Novel,Not Novel
2001_AMC_12_Problems_20,"Points \(A = (3,9)\), \(B = (1,1)\), \(C = (5,3)\), and \(D=(a,b)\) lie in the first quadrant and are the vertices of quadrilateral \(ABCD\). The quadrilateral formed by joining the midpoints of \(\overline{AB}\), \(\overline{BC}\), \(\overline{CD}\), and \(\overline{DA}\) is a square. What is the sum of the coordinates of point \(D\)?
\(\text{(A) }7 \qquad \text{(B) }9 \qquad \text{(C) }10 \qquad \text{(D) }12 \qquad \text{(E) }16\)","To solve the problem, we use the Varignon theorem, which states that the midpoints of a quadrilateral's sides form a parallelogram. For this parallelogram to be a square, the original quadrilateral must have diagonals that are equal in length and perpendicular.

1. **Compute diagonals AC and BD:**
   - Diagonal AC connects points \( A(3,9) \) and \( C(5,3) \). Its vector is \( (2, -6) \).
   - Diagonal BD connects points \( B(1,1) \) and \( D(a,b) \). Its vector is \( (a-1, b-1) \).

2. **Conditions for diagonals:**
   - **Perpendicularity:** The dot product must be zero:
     \(
     2(a - 1) - 6(b - 1) = 0 \implies a - 3b + 2 = 0 \quad \text{(Equation 1)}
     \)
   - **Equal Length:** Their magnitudes must be equal. The length of AC is \( \sqrt{40} \), so:
     \(
     \sqrt{(a - 1)^2 + (b - 1)^2} = 2\sqrt{10} \implies (a - 1)^2 + (b - 1)^2 = 40 \quad \text{(Equation 2)}
     \)

3. **Solve the system:**
   - From Equation 1: \( a = 3b - 2 \).
   - Substitute into Equation 2:
     \(
     (3b - 3)^2 + (b - 1)^2 = 40 \implies 10b^2 - 20b - 30 = 0 \implies b = 3 \text{ (since } b > 0\text{)}.
     \)
   - Thus, \( a = 3(3) - 2 = 7 \).

4. **Conclusion:**
   - Point \( D \) is \( (7, 3) \), so \( a + b = 7 + 3 = \boxed{10} \).","Solution 1. [asy] pair A=(3,9), B=(1,1), C=(5,3), D=(7,3); draw(A--B--C--D--cycle); label(""\(A\)"",A,N); label(""\(B\)"",B,SW); label(""\(C\)"",C,N); label(""\(D\)"",D,E); pair AB = (A + B)/2, BC = (B + C)/2, CD = (C + D)/2, DA = (D + A)/2; draw(AB--BC--CD--DA--cycle); [/asy]
We already know two vertices of the square: \((A+B)/2 = (2,5)\) and \((B+C)/2 = (3,2)\). 
There are only two possibilities for the other vertices of the square: either they are \((6,3)\) and \((5,6)\), or they are \((0,1)\) and \((-1,4)\). The second case would give us \(D\) outside the first quadrant, hence the first case is the correct one. As \((6,3)\) is the midpoint of \(CD\), we can compute \(D=(7,3)\), and \(7+3=\boxed{10}\).",Novel,Novel
2002_AMC_10A_Problems_9,"There are 3 numbers A, B, and C, such that \(1001C - 2002A = 4004\), and \(1001B + 3003A = 5005\). What is the average of A, B, and C?
\(\textbf{(A)}\ 1 \qquad \textbf{(B)}\ 3 \qquad \textbf{(C)}\ 6 \qquad \textbf{(D)}\ 9 \qquad \textbf{(E) }\text{Not uniquely determined}\)","Let's test specific values for \( A \) to observe the effect on \( B \) and \( C \). 

1. If \( A = 1 \):
   - From the second equation: \( 1001B + 3003(1) = 5005 \Rightarrow B = \frac{5005 - 3003}{1001} = 2 \).
   - From the first equation: \( 1001C - 2002(1) = 4004 \Rightarrow C = \frac{4004 + 2002}{1001} = 6 \).
   - Sum: \( 1 + 2 + 6 = 9 \).

2. If \( A = 0 \):
   - From the second equation: \( B = 5 \).
   - From the first equation: \( C = 4 \).
   - Sum: \( 0 + 5 + 4 = 9 \).

3. If \( A = 2 \):
   - From the second equation: \( B = 5 - 3(2) = -1 \).
   - From the first equation: \( C = 2(2) + 4 = 8 \).
   - Sum: \( 2 + (-1) + 8 = 9 \).

In all cases, the sum \( A + B + C = 9 \), so the average is \( \frac{9}{3} = 3 \). The answer is \(\boxed{\textbf{(B) }3}\).","Solution 1. Notice that we don't need to find what \(A, B,\) and \(C\) actually are, just their average. In other words, if we can find \(A+B+C\), we will be done. 
Adding up the equations gives \(1001(A+B+C)=9009=1001(9)\) so \(A+B+C=9\) and the average is \(\frac{9}{3}=3\). Our answer is \(\boxed{\textbf{(B) }3}\).",Not Novel,Not Novel
2006_AMC_12B_Problems_22,"Suppose \(a\), \(b\) and \(c\) are positive integers with \(a+b+c=2006\), and \(a!b!c!=m\cdot 10^n\), where \(m\) and \(n\) are integers and \(m\) is not divisible by \(10\). What is the smallest possible value of \(n\)?
\(\mathrm{(A)}\ 489 \qquad \mathrm{(B)}\ 492  \qquad \mathrm{(C)}\ 495 \qquad \mathrm{(D)}\ 498 \qquad \mathrm{(E)}\ 501\)","To minimize the number of trailing zeros (i.e., the exponent of 10) in \(a!b!c!\), we focus on minimizing the exponent of 5 in the product, as the exponent of 2 will be greater. The exponent of 5 in \(n!\) is given by:
\(
v_5(n!) = \left\lfloor \frac{n}{5} \right\rfloor + \left\lfloor \frac{n}{25} \right\rfloor + \left\lfloor \frac{n}{125} \right\rfloor + \left\lfloor \frac{n}{625} \right\rfloor + \cdots
\)
1. The highest power of 5 less than 2006 is \(5^4 = 625\). Numbers \(\geq 625\) incur an extra term \(\left\lfloor \frac{n}{625} \right\rfloor\).
2. Assign two numbers just below 625 (624) to minimize their \(v_5\) contributions. The third number absorbs the remaining value:
   \(
   a = 624, \quad b = 624, \quad c = 2006 - 2 \cdot 624 = 758
   \)
3. Calculate \(v_5\):
   - For \(624!\):
     \(
     v_5(624!) = \left\lfloor \frac{624}{5} \right\rfloor + \left\lfloor \frac{624}{25} \right\rfloor + \left\lfloor \frac{624}{125} \right\rfloor = 124 + 24 + 4 = 152
     \)
     Each of \(a!\) and \(b!\) contributes 152.
   - For \(758!\):
     \(
     v_5(758!) = \left\lfloor \frac{758}{5} \right\rfloor + \left\lfloor \frac{758}{25} \right\rfloor + \left\lfloor \frac{758}{125} \right\rfloor + \left\lfloor \frac{758}{625} \right\rfloor = 151 + 30 + 6 + 1 = 188
     \)
4. Total Exponent of 5:
   \(
   v_5(a!b!c!) = 152 + 152 + 188 = 492
   \)","Solution 1. The power of \(10\) for any factorial is given by the well-known algorithm 
\(\left\lfloor \frac n{5}\right\rfloor + \left\lfloor \frac n{25}\right\rfloor + \left\lfloor \frac n{125}\right\rfloor + \cdots\)
It is rational to guess numbers right before powers of \(5\) because we won't have any extra numbers from higher powers of \(5\). As we list out the powers of 5, it is clear that \(5^{4}=625\) is less than 2006 and  \(5^{5}=3125\) is greater. Therefore, set \(a\) and \(b\) to be 624. Thus, c is \(2006-(624\cdot 2)=758\). Applying the algorithm, we see that our answer is \(152+152+188= \boxed{492}\).",Not Novel,Not Novel
2008_AIME_II_Problems_1,"Let \(N = 100^2 + 99^2 - 98^2 - 97^2 + 96^2 + \cdots + 4^2 + 3^2 - 2^2 - 1^2\), where the additions and subtractions alternate in pairs. Find the remainder when \(N\) is divided by \(1000\).","To solve the problem, we can break down the sequence by grouping terms into pairs of differences of squares and then summing the results.

**Step-by-Step Explanation:**

1. **Group Terms into Pairs:**
   The given sequence alternates in pairs of additions and subtractions. We can regroup every two terms into a difference of squares:
   \(
   N = (100^2 - 98^2) + (99^2 - 97^2) + (96^2 - 94^2) + (95^2 - 93^2) + \cdots + (4^2 - 2^2) + (3^2 - 1^2)
   \)
   Each pair is of the form \( n^2 - (n-2)^2 \).

2. **Apply Difference of Squares:**
   Each pair simplifies using the identity \( a^2 - b^2 = (a-b)(a+b) \):
   \(
   n^2 - (n-2)^2 = (n - (n-2))(n + (n-2)) = 2(2n - 2) = 4n - 4
   \)
   Thus, each pair contributes \( 4n - 4 \).

3. **Identify All Pairs:**
   The pairs involve \( n = 100, 99, 96, 95, \ldots, 4, 3 \). These form two arithmetic sequences:
   - **Even \( n \):** \( 100, 96, 92, \ldots, 4 \) (25 terms)
   - **Odd \( n \):** \( 99, 95, 91, \ldots, 3 \) (25 terms)

4. **Sum the Contributions:**
   - **Sum of Even \( n \):**
     \(
     S_{\text{even}} = 100 + 96 + \cdots + 4 = \frac{25}{2} \times (100 + 4) = 25 \times 52 = 1300
     \)
   - **Sum of Odd \( n \):**
     \(
     S_{\text{odd}} = 99 + 95 + \cdots + 3 = \frac{25}{2} \times (99 + 3) = 25 \times 51 = 1275
     \)
   - **Total Sum of \( n \):**
     \(
     S_{\text{total}} = 1300 + 1275 = 2575
     \)

5. **Calculate Total \( N \):**
   Each pair contributes \( 4n - 4 \), so:
   \(
   N = 4 \times 2575 - 4 \times 50 = 10300 - 200 = 10100
   \)

6. **Find Remainder Modulo 1000:**
   \(
   10100 \mod 1000 = 100
   \)

**Answer:** \(\boxed{100}\)","Solution 1. Rewriting this sequence with more terms, we have
Factoring this expression yields
Next, we get
Then,
Dividing \(10100\) by \(1000\) yields a remainder of \(\boxed{100}\).",Novel,Novel
2008_AMC_10A_Problems_13,"Doug can paint a room in \(5\) hours. Dave can paint the same room in \(7\) hours. Doug and Dave paint the room together and take a one-hour break for lunch. Let \(t\) be the total time, in hours, required for them to complete the job working together, including lunch. Which of the following equations is satisfied by \(t\)?
\(\mathrm{(A)}\ \left(\frac{1}{5}+\frac{1}{7}\right)\left(t+1\right)=1\qquad\mathrm{(B)}\ \left(\frac{1}{5}+\frac{1}{7}\right)t+1=1\qquad\mathrm{(C)}\ \left(\frac{1}{5}+\frac{1}{7}\right)t=1\\\mathrm{(D)}\ \left(\frac{1}{5}+\frac{1}{7}\right)\left(t-1\right)=1\qquad\mathrm{(E)}\ \left(5+7\right)t=1\)","To determine the total time \( t \) required for Doug and Dave to paint the room including their lunch break, we calculate their individual contributions separately and sum them. 

1. **Individual Rates:**  
   - Doug paints \( \frac{1}{5} \) of the room per hour.  
   - Dave paints \( \frac{1}{7} \) of the room per hour.  

2. **Effective Working Time:**  
   Since they take a 1-hour break, the actual time spent painting is \( t - 1 \) hours.  

3. **Work Contributions:**  
   - Doug paints \( \frac{t - 1}{5} \) of the room.  
   - Dave paints \( \frac{t - 1}{7} \) of the room.  

4. **Total Work Equation:**  
   Their combined work must equal 1 full room:  
   \(
   \frac{t - 1}{5} + \frac{t - 1}{7} = 1.
   \)  
   Factoring out \( t - 1 \):  
   \(
   \left( \frac{1}{5} + \frac{1}{7} \right)(t - 1) = 1.
   \)","Solution 1. Doug can paint \(\frac{1}{5}\) of a room per hour, Dave can paint \(\frac{1}{7}\) of a room per hour, and the time they spend working together is \(t-1\).
Since rate multiplied by time gives output, \(\left(\frac{1}{5}+\frac{1}{7}\right)\left(t-1\right)=1 \Rightarrow \mathrm{(D)}\)",Not Novel,Not Novel
2008_IMO_Problems_5,"Let \(n\) and \(k\) be positive integers with \(k \geq n\) and \(k - n\) an even number. Let \(2n\) lamps labelled \(1\), \(2\), ..., \(2n\) be given, each of which can be either  or . Initially all the lamps are off. We consider sequences of steps: at each step one of the lamps is switched (from on to off or from off to on).
Let \(N\) be the number of such sequences consisting of \(k\) steps and resulting in the state where lamps \(1\) through \(n\) are all on, and lamps \(n + 1\) through \(2n\) are all off.
Let \(M\) be number of such sequences consisting of \(k\) steps, resulting in the state where lamps \(1\) through \(n\) are all on, and lamps \(n + 1\) through \(2n\) are all off, but where none of the lamps \(n + 1\) through \(2n\) is ever switched on.
Determine \(\frac {N}{M}\).","To determine \(\frac{N}{M}\), we employ generating functions to model the toggle sequences for lamps in sets \(A\) and \(B\).

1. **Generating Function for \(M\):**
   - Since only lamps in \(A\) are toggled (each an odd number of times), the generating function for each lamp is \(\sinh(x) = \frac{e^x - e^{-x}}{2}\).
   - For \(n\) lamps, the generating function is \([\sinh(x)]^n = \left(\frac{e^x - e^{-x}}{2}\right)^n\).
   - Expanding via the binomial theorem:
     \(
     [\sinh(x)]^n = \frac{1}{2^n} \sum_{m=0}^n (-1)^m \binom{n}{m} e^{x(n-2m)}
     \)
   - The coefficient of \(x^k/k!\) gives \(M = \frac{k!}{2^n} \sum_{m=0}^n (-1)^m \binom{n}{m} (n-2m)^k\).

2. **Generating Function for \(N\):**
   - Lamps in \(A\) are toggled oddly (generator \(\sinh(x)\)), and those in \(B\) evenly (\(\cosh(x) = \frac{e^x + e^{-x}}{2}\)).
   - The combined generating function is \([\sinh(x)\cosh(x)]^n = \left(\frac{e^{2x} - e^{-2x}}{4}\right)^n\).
   - Expanding similarly:
     \(
     [\sinh(x)\cosh(x)]^n = \frac{1}{4^n} \sum_{m=0}^n (-1)^m \binom{n}{m} e^{2x(n-2m)}
     \)
   - The coefficient of \(x^k/k!\) yields \(N = \frac{k!}{4^n} \sum_{m=0}^n (-1)^m \binom{n}{m} (2(n-2m))^k\).

3. **Computing the Ratio \(\frac{N}{M}\):**
   - Substitute \(N\) and \(M\):
     \(
     \frac{N}{M} = \frac{\frac{1}{4^n} \sum_{m=0}^n (-1)^m \binom{n}{m} (2(n-2m))^k}{\frac{1}{2^n} \sum_{m=0}^n (-1)^m \binom{n}{m} (n-2m)^k}
     \)
   - Factor out \(2^k\) from the numerator's sum and simplify:
     \(
     \frac{N}{M} = \frac{2^k \cdot 2^n}{4^n} = 2^{k - n}
     \)
   
\(\frac{N}{M} = 2^{k - n}\)","Solution 1. For convenience, let \(A\) denote the set \((1,2,\ldots n)\) and \(B\) the set \((n+1,n+2,\ldots,2n)\).
We can describe each sequences of switching the lamps as a \(k\)-dimensional vector
\((a_1, a_2, \ldots, a_k)\), where \(a_i \in A \cup B\) signifies which lamp was switched on the \(i\)-th move for \(i=1,2,\ldots k\). 
Let \(\cal{N}\) consist of those sequences that contain each of the numbers in \(A\) an  number of times and each of the numbers in \(B\) an  number of times. Similarly, let \(\cal{M}\) denote the set of those sequences that contain no numbers from \(B\) and each of the numbers in \(A\) an odd number of times. By definition, \(M=|\cal{M}|\) and \(N=|\cal{N}|\).
Define the mapping \(f:\cal{N} \rightarrow \cal{M}\) as
\(f(a_1, a_2, \ldots, a_k) = (b_1,b_2,\ldots b_k) :  b_i =  \begin{cases}    a_i, & \mbox{ if }  a_i \in A \\    a_i-n, & \mbox{ if } a_i  \in B \end{cases}\)
What we want to show now is that each element of \(\cal{M}\) is an image of exactly \(2^{k-n}\) elements from \(\cal{N}\), which would imply \(N = 2^{k-n}M\) and solve the problem.
Consider an arbitrary element \(y\) of \(\cal{M}\) and let \(l_i\) be the number of appearances of the number \(i\) in \(y\) for \(i=1,2,\ldots n\). Now consider the set of pre-images of \(y\), that is \(X_y = \{ x | f(x) = y \}\).
It is easy to see that each element \(x\in X_y\) is derived from \(y\) by  an  number of its \(1\)-s, \(2\)-s, and so on, where flipping means changing the number \(j\in A\) to \(j+n\in B\). Since each such set of flippings results in a unique \(x\), all we want to count is the number of flippings. We can flip exactly \(0, 2, 4,\ldots\) of the \(1\)-s, so that results in
\(\binom{l_1}{0} + \binom{l_1}{2}+\binom{l_1}{4}+\cdots = 2^{l_1-1}\)
flippings. Combine each of them with the \(2^{l_2-1}\), \(2^{l_3-1}\), etc. ways of flipping the \(2\)-s, \(3\)-s etc. respectively to get the total number of flippings:
\(2^{l_1-1}2^{l_2-1}\cdots2^{l_n-1} = 2^{l_1+l_2+\cdots+l_n-n} = 2^{k-n}.\) 
This shows that \(|X_y| = 2^{k-n}\) and the proof is complete.",Novel,Novel
2010_AIME_II_Problems_4,"Dave arrives at an airport which has twelve gates arranged in a straight line with exactly \(100\) feet between adjacent gates. His departure gate is assigned at random. After waiting at that gate, Dave is told the departure gate has been changed to a different gate, again at random. Let the probability that Dave walks \(400\) feet or less to the new gate be a fraction \(\frac{m}{n}\), where \(m\) and \(n\) are relatively prime positive integers. Find \(m+n\).","To solve the problem, we consider the number of ordered pairs of gates (initial and new) where the distance between them is 400 feet or less. Since the gates are 100 feet apart, this corresponds to gates separated by at most 4 positions.

1. **Total Possible Changes**: There are \(12 \times 11 = 132\) possible ordered pairs of distinct gates.

2. **Counting Valid Pairs by Distance**:
   - **Distance 1 (100 feet)**: There are \(11\) adjacent gate pairs, each with two directions, totaling \(2 \times 11 = 22\) pairs.
   - **Distance 2 (200 feet)**: There are \(10\) pairs, each with two directions, totaling \(2 \times 10 = 20\) pairs.
   - **Distance 3 (300 feet)**: There are \(9\) pairs, each with two directions, totaling \(2 \times 9 = 18\) pairs.
   - **Distance 4 (400 feet)**: There are \(8\) pairs, each with two directions, totaling \(2 \times 8 = 16\) pairs.

3. **Summing Valid Pairs**: Adding these, we get \(22 + 20 + 18 + 16 = 76\) valid ordered pairs.

4. **Probability Calculation**: The probability is \(\frac{76}{132} = \frac{19}{33}\). Thus, \(m + n = 19 + 33 = \boxed{052}\).","Solution 1. There are \(12 \cdot 11 = 132\) possible situations (\(12\) choices for the initially assigned gate, and \(11\) choices for which gate Dave's flight was changed to). We are to count the situations in which the two gates are at most \(400\) feet apart.
If we number the gates \(1\) through \(12\), then gates \(1\) and \(12\) have four other gates within \(400\) feet, gates \(2\) and \(11\) have five, gates \(3\) and \(10\) have six, gates \(4\) and \(9\) have have seven, and gates \(5\), \(6\), \(7\), \(8\) have eight. Therefore, the number of valid gate assignments is \(2\cdot(4+5+6+7)+4\cdot8 = 2 \cdot 22 + 4 \cdot 8 = 76\) so the probability is \(\frac{76}{132} = \frac{19}{33}\). The answer is \(19 + 33 = \boxed{052}\).",Not Novel,Novel
2010_USAJMO_Problems_2,"Let \(n > 1\) be an integer. Find, with proof, all sequences
\(x_1, x_2, \ldots, x_{n-1}\) of positive integers with the following
three properties:
(a). \(x_1 < x_2 < \cdots < x_{n-1}\);
(b). \(x_i + x_{n-i} = 2n\) for all \(i=1,2,\ldots,n-1\);
(c). given any two indices \(i\) and \(j\) (not necessarily distinct) for which \(x_i + x_j < 2n\), there is an index \(k\) such that \(x_i + x_j = x_k\).","We transform the original problem by scaling down each term by a factor of 2, leveraging the inherent parity constraints imposed by condition (b). 

Let \( y_i = \frac{x_i}{2} \) for each \( i \). Since \( x_i \) are positive even integers (as shown below), \( y_i \) are positive integers. The problem conditions translate as follows:

1. **Strictly Increasing:** \( y_1 < y_2 < \cdots < y_{n-1} \).
2. **Symmetric Pairing:** \( y_i + y_{n-i} = n \) for all \( i \).
3. **Closure Under Addition:** If \( y_i + y_j < n \), then \( y_i + y_j = y_k \) for some \( k \).

**Step 1: All \( x_i \) must be even.**  
Suppose \( x_1 \) is odd. Then \( x_{n-1} = 2n - x_1 \) is also odd. By condition (c), \( x_1 + x_1 = 2x_1 \) must be in \( S \), implying \( 2x_1 \) is even. But \( x_1 \) is the smallest term, so \( 2x_1 \geq x_2 > x_1 \), contradicting parity unless \( x_1 = 1 \). However, scaling \( x_i = 1 \) leads to contradictions with \( x_1 + x_{n-1} = 2n \). Hence, all \( x_i \) are even.

**Step 2: Analyze the Transformed Problem.**  
The transformed sequence \( \{y_i\} \) must satisfy \( y_i + y_{n-i} = n \). This symmetry implies \( y_i = n - y_{n-i} \). The sequence is strictly increasing, so \( y_1 < y_2 < \cdots < y_{\lfloor (n-1)/2 \rfloor} \), and the latter terms mirror around \( n/2 \).

**Step 3: Prove \( y_i = i \).**  
Assume \( y_1 = 1 \). By closure, \( y_1 + y_1 = 2 \) must be \( y_2 \). Similarly, \( y_1 + y_2 = 3 \) must be \( y_3 \), and inductively, \( y_k = k \). The sequence \( 1, 2, \ldots, n-1 \) satisfies:
- Symmetry: \( y_i + y_{n-i} = i + (n - i) = n \).
- Closure: For \( y_i + y_j < n \), \( y_i + y_j = y_{i+j} \), which exists as \( i+j \leq n-1 \).

**Step 4: Revert Scaling.**  
Scaling back, \( x_i = 2y_i = 2i \). Thus, the original sequence is \( 2, 4, 6, \ldots, 2n-2 \), which satisfies all conditions:
- (a) Strictly increasing.
- (b) \( x_i + x_{n-i} = 2i + 2(n-i) = 2n \).
- (c) Sums \( <2n \) are even and thus in the sequence.

**Conclusion:**  
The only solution is the arithmetic progression of even numbers from \( 2 \) to \( 2n-2 \).","Solution 1. The sequence is \(2, 4, 6, \ldots, 2n-2\).Let \(n > 1\) be an integer. Find, with proof, all sequences
\(x_1, x_2, \ldots, x_{n-1}\) of positive integers with the following
three properties:
(a). \(x_1 < x_2 < \cdots < x_{n-1}\);
(b). \(x_i + x_{n-i} = 2n\) for all \(i=1,2,\ldots,n-1\);
(c). given any two indices \(i\) and \(j\) (not necessarily distinct) for which \(x_i + x_j < 2n\), there is an index \(k\) such that \(x_i + x_j = x_k\).The sequence is \(2, 4, 6, \ldots, 2n-2\).
Proof 1:
We will prove that any sequence \(x_1, \ldots, x_{n-1}\), that satisfies the given conditions, is an arithmetic progression with \(x_1\) as both the first term and the increment. Once this is proved, condition (b) implies that \(x_1 + x_{n-1} = x_1 + (n-1)x_1 = nx_1 = 2n\). Therefore \(x_1 = 2\), and the sequence is just the even numbers from \(2\) to \(2n-2\). The sequence of successive even numbers clearly satisfies all three conditions, and we are done.
First a degenerate case. If \(n = 2\), there is only one element \(x_1\), and condition (b) gives \(x_1 + x_1 = 4\) or \(x_1 = 2\). Conditions (a) and (c) are vacuously true.
Otherwise, for \(n > 2\), we will prove by induction on \(m\) that the difference \(x_{n-m} - x_{n-1-m} = x_1\) for all \(m \in [1, n-2]\), which makes all the differences \(x_{n-1} - x_{n-2} = \ldots = x_2 - x_1 = x_1\), i.e. the sequence is an arithmetic progression with \(x_1\) as the first term and increment as promised.
So first the \(m=1\) case. With \(n > 2\), \(x_{n-2}\) exists and is less than \(x_{n-1}\) by condition (a). Now since by condition (b) \(x_1 + x_{n-1} = 2n\), we conclude that \(x_1 + x_{n-2} < 2n\), and therefore by condition (c) \(x_1 + x_{n-2} = x_k\) for some \(k\).  Now, since \(x_1 > 0\), \(x_k > x_{n-2}\) and can only be \(x_{n-1}\).  So \(x_1 + x_{n-2} = x_{n-1}\).
Now for the induction step on all values of \(m\). Suppose we have shown that for all \(i \le m\), \(x_1 + x_{n-1-i} = x_{n-i}\).  If \(m = n-2\) we are done, otherwise \(m < n-2\), and by condition (c) \(x_1 + x_{n-2-m} = x_k\) for some \(k\). This \(x_k\) is larger than \(x_{n-2-m}\), but smaller than \(x_1 + x_{n-1-m} = x_{n-m}\) by the inductive hypothesis. It then follows that \(x_1 + x_{n-2-m} = x_{n-1-m}\), the only element of the sequence between \(x_{n-2-m}\) and \(x_{n-m}\). This establishes the result for \(i=m+1\).
So, by induction \(x_1 + x_{n-1-m} = x_{n-m}\) for all \(m \in [1, n-2]\), which completes the proof.
Proof 2:
Let \(S=\{x_1,x_2,...,x_{n-1}\}\). Notice that \(x_1 < x_1+x_1 < x_1+x_2 < \dots < x_1+x_{n-2} < 2n.\)
Then by condition (c), we must have \(x_1,x_1+x_1,...,x_1+x_{n-2}\in S\). This implies that \(x_1=x_1,x_1+x_1=x_2,...,x_1+x_{n-2}=x_{n-1}\), or that \(x_k=kx_1\). Then we have \(x_1+x_{n-1}=n(x_1)=2n \rightarrow x_1=2\), and the rest is trivial.",Not Novel,Novel
2014_AMC_10A_Problems_3,"Bridget bakes 48 loaves of bread for her bakery. She sells half of them in the morning for \(\textdollar 2.50\) each. In the afternoon she sells two thirds of what she has left, and because they are not fresh, she charges only half price. In the late afternoon she sells the remaining loaves at a dollar each. Each loaf costs \(\textdollar 0.75\) for her to make. In dollars, what is her profit for the day?
\(\textbf{(A)}\ 24\qquad\textbf{(B)}\ 36\qquad\textbf{(C)}\ 44\qquad\textbf{(D)}\ 48\qquad\textbf{(E)}\ 52\)","1. **Morning Sales Profit:**
   - Sells \( \frac{48}{2} = 24 \) loaves at \( \$2.50 \) each.
   - **Revenue:** \( 24 \times 2.50 = \$60 \).
   - **Cost for these loaves:** \( 24 \times 0.75 = \$18 \).
   - **Profit:** \( 60 - 18 = \$42 \).

2. **Afternoon Sales Profit:**
   - Remaining loaves: \( 48 - 24 = 24 \).
   - Sells \( \frac{2}{3} \times 24 = 16 \) loaves at half price (\( \$1.25 \)).
   - **Revenue:** \( 16 \times 1.25 = \$20 \).
   - **Cost for these loaves:** \( 16 \times 0.75 = \$12 \).
   - **Profit:** \( 20 - 12 = \$8 \).

3. **Late Afternoon Sales Profit:**
   - Remaining loaves: \( 24 - 16 = 8 \).
   - Sells all 8 at \( \$1 \) each.
   - **Revenue:** \( 8 \times 1 = \$8 \).
   - **Cost for these loaves:** \( 8 \times 0.75 = \$6 \).
   - **Profit:** \( 8 - 6 = \$2 \).

**Total Profit:** \( 42 + 8 + 2 = \boxed{\textbf{(E)}\ 52} \).","Solution 1. She first sells one-half of her \(48\) loaves, or \(\frac{48}{2}=24\) loaves. Each loaf sells for \(\textdollar 2.50\), so her total earnings in the morning is equal to \(24\cdot \textdollar 2.50 = \textdollar 60\)
This leaves 24 loaves left, and Bridget will sell \(\dfrac{2}{3}\times 24=16\) of them for a price of \(\textdollar\frac{2.50}{2}=\textdollar 1.25\). Thus, her total earnings for the afternoon is \(16\cdot \textdollar 1.25  = \textdollar 20\)
Finally, Bridget will sell the remaining \(24-16=8\) loaves for a dollar each. This is a total of \(\textdollar 1\cdot 8 = \textdollar 8\)
The total amount of money she makes is equal to \(60+20+8=\textdollar 88\).
However, since Bridget spends \(\textdollar 0.75\) making each loaf of bread, the total cost to make the bread is equal to  \(\textdollar 0.75\cdot48=\textdollar 36\).
Her total profit is the amount of money she spent subtracted from the amount of money she made, which is \(88-36=52\implies\boxed{\textbf{(E)} \ 52}\)",Not Novel,Not Novel
2018_USAJMO_Problems_5,"Let \(p\) be a prime, and let \(a_1, \dots, a_p\) be integers. Show that there exists an integer \(k\) such that the numbers \(a_1 + k, a_2 + 2k, \dots, a_p + pk\)produce at least \(\tfrac{1}{2} p\) distinct remainders upon division by \(p\).","We aim to show there exists an integer \( k \) such that the numbers \( a_1 + k, a_2 + 2k, \dots, a_p + pk \) yield at least \( \frac{1}{2}p \) distinct remainders modulo \( p \).

**Step 1: Counting Collisions Across All \( k \)**

For any distinct \( i, j \in \{1, 2, \dots, p\} \), the congruence \( a_i + ik \equiv a_j + jk \pmod{p} \) holds for exactly one \( k \in \{1, 2, \dots, p\} \). This follows because solving \( (i - j)k \equiv a_j - a_i \pmod{p} \) gives a unique \( k \) due to \( p \) being prime. Hence, each pair \( (i, j) \) contributes one collision (shared remainder) for exactly one \( k \).

There are \( \binom{p}{2} = \frac{p(p-1)}{2} \) total pairs \( (i, j) \). Thus, over all \( p \) possible \( k \), the total number of collisions is \( \frac{p(p-1)}{2} \).

**Step 2: Average Number of Collisions**

By the pigeonhole principle, the average number of collisions per \( k \) is:
\(
\frac{\text{Total collisions}}{p} = \frac{p-1}{2}.
\)
Hence, there exists at least one \( k \) with \( \leq \frac{p-1}{2} \) collisions.

**Step 3: Relating Collisions to Distinct Remainders**

Let \( t \) denote the number of collisions for a fixed \( k \), and let \( m \) be the number of distinct remainders. The total number of residue classes \( m \) satisfies:
\(
\sum_{r=1}^m \binom{n_r}{2} = t,
\)
where \( n_r \) is the count of numbers in residue class \( r \). By convexity of \( \binom{n}{2} \), the sum is minimized when the \( n_r \) are as equal as possible. Applying Jensen's inequality:
\(
t \geq m \cdot \binom{\frac{p}{m}}{2}.
\)
Simplifying:
\(
t \geq \frac{p(p - m)}{2m}.
\)
Rearranging for \( m \):
\(
m \geq \frac{p^2}{p + 2t}.
\)
Substituting \( t \leq \frac{p-1}{2} \):
\(
m \geq \frac{p^2}{p + (p - 1)} = \frac{p^2}{2p - 1} > \frac{p}{2}.
\)
Thus, \( m \geq \frac{p}{2} \), as required. Therefore, there exists a \( k \) such that the residues \( \{a_i + ik\} \) produce at least \( \frac{1}{2}p \) distinct remainders modulo \( p \).","Solution 1. \(\textbf{Lemma: }\) For fixed \(i\neq j,\) where \(i, j\in\{1, 2, ..., p\},\) the statement \(a_i + ik\equiv a_j + jk\text{ (mod } p\text{)}\) holds for exactly one \(k\in {1, 2, ..., p}.\)
\(\textbf{Proof: }\) Notice that the left side minus the right side is congruent to \((a_i - a_j) + (i - j)k\) modulo \(p.\) For this difference to equal \(0,\) there is a unique solution for \(k\) modulo \(p\) given by \(k\equiv (a_j - a_i)(i - j)^{-1}\text{ (mod } p\text{)},\) where we have used the fact that every nonzero residue modulo \(p\) has a unique multiplicative inverse. Therefore, there is exactly one \(k\in {1, 2, ..., p}\) that satisfies \(a_i + ik\equiv a_j + jk\text{ (mod } p\text{)}\) for any fixed \(i\neq j. \textbf{ End Lemma}\)
Suppose that you have \(p\) graphs \(G_1, G_2, ..., G_p,\) and graph \(G_k\) consists of the vertices \((i, k)\) for all \(1\le i\le p.\) Within any graph \(G_k,\) vertices \((i_1, k)\) and \((i_2, k)\) are connected by an edge if and only if \(a_{i_1} + i_1k\equiv a_{i_2} + i_2k\text{ (mod } p\text{)}.\) Notice that the number of disconnected components of any graph \(G_k\) equals the number of distinct remainders when divided by \(p\) given by the numbers \(a_1 + k, a_2 + 2k, ..., a_p + pk.\)
These \(p\) graphs together have exactly one edge for every unordered pair of elements of \(\{1, 2, ..., p\},\) so they have a total of exactly \(\frac{p(p-1)}{2}\) edges. Therefore, there exists at least one graph \(G_k\) that has strictly fewer than \(\frac{p}{2}\) edges, meaning that it has more than \(\frac{p}{2}\) disconnected components. Therefore, the collection of numbers \(\{a_i + ik: 1\le i\le p\}\) for this particular value of \(k\) has at least \(\frac{p}{2}\) distinct remainders modulo \(p.\) This completes the proof.",Novel,Novel
2019_AMC_8_Problems_20,"How many different real numbers \(x\) satisfy the equation \((x^{2}-5)^{2}=16?\)
\(\textbf{(A) }0\qquad\textbf{(B) }1\qquad\textbf{(C) }2\qquad\textbf{(D) }4\qquad\textbf{(E) }8\)","**Solution 4 (Using Calculus):**

To determine the number of real solutions for \((x^2 - 5)^2 = 16\), analyze the function \(f(x) = (x^2 - 5)^2 - 16\). 

1. **Find critical points** by computing the derivative:
   \(
   f'(x) = 4x(x^2 - 5)
   \)
   Setting \(f'(x) = 0\) gives critical points at \(x = 0\) and \(x = \pm \sqrt{5}\).

2. **Evaluate \(f(x)\) at critical points**:
   - \(f(0) = 9\) (positive).
   - \(f(\pm \sqrt{5}) = -16\) (negative).

3. **Behavior analysis**:
   - For \(x \geq 0\), \(f(x)\) starts at \(f(0) = 9\), decreases to \(-16\) at \(x = \sqrt{5}\), then increases to infinity. This guarantees **two crossings** of the x-axis (one between \(0\) and \(\sqrt{5}\), another for \(x > \sqrt{5}\)).
   - By symmetry, the same applies for \(x \leq 0\), adding two more crossings.

Thus, there are \(\boxed{\textbf{(D) }4}\) distinct real solutions.","Solution 1. We have that \((x^2-5)^2 = 16\) if and only if \(x^2-5 = \pm 4\). If \(x^2-5 = 4\), then \(x^2 = 9 \implies x = \pm 3\), giving 2 solutions. If \(x^2-5 = -4\), then \(x^2 = 1 \implies x = \pm 1\), giving 2 more solutions. All four of these solutions work, so the answer is \(\boxed{\textbf{(D) }4}\). Further, the equation is a  in \(x\), so by the , there can be at most four real solutions.


<br><br>==========<br>
Solution 2. We can expand \((x^2-5)^2\) to get \(x^4-10x^2+25\), so now our equation is \(x^4-10x^2+25=16\). Subtracting \(16\) from both sides gives us \(x^4-10x^2+9=0\). Now, we can factor the left hand side to get \((x^2-9)(x^2-1)=0\). If \(x^2-9\) and/or \(x^2-1\) equals \(0\), then the whole left side will equal \(0\). Since the solutions can be both positive and negative, we have \(4\) solutions: \(-3,3,-1,1\) (we can find these solutions by setting \(x^2-9\) and \(x^2-1\) equal to \(0\) and solving for \(x\)). So, the answer is \(\boxed{\textbf{(D) }4}\). 


<br><br>==========<br>
Solution 3. Subtract 16 from both sides and factor using difference of squares: 

\((x^2 - 5)^2 = 16\)
\((x^2 - 5)^2 - 16 =0\)
\((x^2 - 5)^2 - 4^2 = 0\)
\([(x^2 - 5)-4][(x^2 - 5) + 4] = 0\)
\((x^2 - 9)(x^2 - 1) =0\)
\((x+3)(x-3)(x+1)(x-1) = 0\)

Quite obviously, this equation has \(\boxed{\textbf{(D) }4}\) solutions. 
",Novel,Novel
2020_AMC_10A_Problems_1,"What value of \(x\) satisfies
\(x- \frac{3}{4} = \frac{5}{12} - \frac{1}{3}?\)
\(\textbf{(A)}\ {-}\frac{2}{3}\qquad\textbf{(B)}\ \frac{7}{36}\qquad\textbf{(C)}\ \frac{7}{12}\qquad\textbf{(D)}\ \frac{2}{3}\qquad\textbf{(E)}\ \frac{5}{6}\)","Consider the equation \( x - \frac{3}{4} = \frac{5}{12} - \frac{1}{3} \). 

1. **Interpret both sides as linear functions of \( x \):**
   - Left side: \( y = x - \frac{3}{4} \) (a line with slope 1 and y-intercept \(-\frac{3}{4}\)).
   - Right side: Simplify \( \frac{5}{12} - \frac{1}{3} = \frac{5}{12} - \frac{4}{12} = \frac{1}{12} \). Thus, \( y = \frac{1}{12} \) (a horizontal line).

2. **Find the intersection point:**
   - Set \( x - \frac{3}{4} = \frac{1}{12} \).
   - Solve for \( x \): Add \( \frac{3}{4} \) to both sides:  
     \(
     x = \frac{1}{12} + \frac{9}{12} = \frac{10}{12} = \frac{5}{6}.
     \)

The graphical method visualizes the problem as intersecting lines, leading to the solution \(\boxed{\textbf{(E)}~\frac{5}{6}}\).","Solution 1. Adding \(\frac{3}{4}\) to both sides, \(x= \frac{5}{12} - \frac{1}{3} + \frac{3}{4} = \frac{5}{12} - \frac{4}{12} + \frac{9}{12}=\boxed{\textbf{(E) }\frac{5}{6}}\).


<br><br>==========<br>
Solution 2. Multiplying \(12\) on both sides gets us \(12x-9=1 \Rightarrow 12x=10\), therefore \(\boxed{x=\textbf{(E)}~\frac{5}{6}}\).",Novel,Novel
