Answer.worker_feedbacks,correctness_human,novelty_human,WorkerId,Input.problem_id,llm_judge_novelty,edited,too simple
Computationally different,1,1,alvin,1954_AHSME_Problems_38,1,,
mildly easy but the proposed solution is different from .,1,1,johnny,1954_AHSME_Problems_38,1,,
,1,1,joey,1954_AHSME_Problems_38,1,,
,1,1,johnny,1962_AHSME_Problems_11,1,,
,1,1,alvin,1962_AHSME_Problems_11,1,,
,1,1,joey,1962_AHSME_Problems_11,1,,
Barely novel,1,0,alvin,1964_AHSME_Problems_40,0,1,
2easy2novel,1,0,johnny,1964_AHSME_Problems_40,0,,
,1,0,joey,1964_AHSME_Problems_40,0,,
,1,0,johnny,1979_AHSME_Problems_13,1,,
,1,0,alvin,1979_AHSME_Problems_13,1,,
very hard to be novel,1,0,joey,1979_AHSME_Problems_13,1,,1
,1,0,alvin,1984_AHSME_Problems_22,1,,
,1,0,johnny,1984_AHSME_Problems_22,1,,
same logic,1,0,joey,1984_AHSME_Problems_22,1,,
,1,1,alvin,1984_AIME_Problems_9,1,,
,1,1,johnny,1984_AIME_Problems_9,1,,
,1,1,joey,1984_AIME_Problems_9,1,,
Barely Novel,1,0,alvin,1986_AJHSME_Problems_6,0,1,
2easy2novel,1,0,johnny,1986_AJHSME_Problems_6,0,,
too simple to consider novelty?,1,0,joey,1986_AJHSME_Problems_6,0,,1
Hard to be novel,1,0,alvin,1987_AIME_Problems_11,1,,1
,1,1,johnny,1987_AIME_Problems_11,1,,
,1,0,joey,1987_AIME_Problems_11,1,,
,1,1,alvin,1989_AIME_Problems_12,1,,
,1,1,johnny,1989_AIME_Problems_12,1,,
,1,1,joey,1989_AIME_Problems_12,1,,
,1,0,alvin,1993_AHSME_Problems_15,1,,
,1,0,johnny,1993_AHSME_Problems_15,1,,
,0,0,joey,1993_AHSME_Problems_15,1,1,
"Barely novel, but more steps",1,1,alvin,1994_AHSME_Problems_24,1,,
2easy,1,1,johnny,1994_AHSME_Problems_24,1,1,
,1,1,joey,1994_AHSME_Problems_24,1,,
,1,0,alvin,1994_AJHSME_Problems_20,0,,
,1,0,johnny,1994_AJHSME_Problems_20,0,,
,1,0,joey,1994_AJHSME_Problems_20,0,,
,1,0,johnny,1994_AJHSME_Problems_7,0,,
,1,0,alvin,1994_AJHSME_Problems_7,0,,
,1,0,joey,1994_AJHSME_Problems_7,0,,
"Hard to be novel, barely novel",1,0,alvin,1996_AJHSME_Problems_1,1,,1
2easy,1,0,johnny,1996_AJHSME_Problems_1,1,,1
,1,0,joey,1996_AJHSME_Problems_1,1,,
,1,1,alvin,1998_AIME_Problems_13,1,,
,1,1,johnny,1998_AIME_Problems_13,1,,
,1,1,joey,1998_AIME_Problems_13,1,,
,1,0,johnny,1999_AMC_8_Problems_8,1,,
More explanation but cavets in explanation.,1,0,alvin,1999_AMC_8_Problems_8,1,,
,1,0,joey,1999_AMC_8_Problems_8,1,,
,1,0,johnny,2000_IMO_Problems_5,1,,
,1,0,alvin,2000_IMO_Problems_5,1,,
editted,1,0,joey,2000_IMO_Problems_5,1,,1
,1,1,alvin,2001_AMC_12_Problems_20,1,,
,1,1,johnny,2001_AMC_12_Problems_20,1,,
,1,1,joey,2001_AMC_12_Problems_20,1,,
,1,0,alvin,2001_AMC_12_Problems_25,0,,
,1,0,johnny,2001_AMC_12_Problems_25,0,,
boarderline,1,0,joey,2001_AMC_12_Problems_25,0,1,
2easy2novel,1,0,johnny,2002_AMC_10A_Problems_9,1,,1
,1,0,alvin,2002_AMC_10A_Problems_9,1,,
don't think it's entirely correct (only checked a few cases),1,0,joey,2002_AMC_10A_Problems_9,1,1,
,1,0,alvin,2002_AMC_12A_Problems_21,0,,
,1,0,johnny,2002_AMC_12A_Problems_21,0,,
,1,0,joey,2002_AMC_12A_Problems_21,0,,
,1,1,johnny,2002_AMC_12P_Problems_10,1,,
Barely novel,1,1,alvin,2002_AMC_12P_Problems_10,1,,
,1,1,joey,2002_AMC_12P_Problems_10,1,,
,1,1,johnny,2002_AMC_12P_Problems_8,1,,
,1,1,alvin,2002_AMC_12P_Problems_8,1,,
,1,1,joey,2002_AMC_12P_Problems_8,1,,
,1,1,alvin,2003_AMC_8_Problems_18,1,,
,1,0,johnny,2003_AMC_8_Problems_18,1,1,
boarderline,1,1,joey,2003_AMC_8_Problems_18,1,,
,1,0,alvin,2004_USAMO_Problems_6,1,,
I used gemini to verify this answer,1,0,johnny,2004_USAMO_Problems_6,1,,
,1,0,joey,2004_USAMO_Problems_6,1,,
,1,0,johnny,2006_AMC_12B_Problems_10,0,,
Barely can be novel,1,0,alvin,2006_AMC_12B_Problems_10,0,,
reverse solution,1,0,joey,2006_AMC_12B_Problems_10,0,,
,1,0,alvin,2006_AMC_12B_Problems_22,0,,
,1,0,johnny,2006_AMC_12B_Problems_22,0,,
,1,0,joey,2006_AMC_12B_Problems_22,0,,
,1,1,alvin,2008_AIME_II_Problems_1,1,,
,1,0,johnny,2008_AIME_II_Problems_1,1,,
,1,1,joey,2008_AIME_II_Problems_1,1,,
,1,0,alvin,2008_AMC_10A_Problems_13,0,,
too simple to consider as novel?,1,0,joey,2008_AMC_10A_Problems_13,0,1,1
,1,1,alvin,2008_IMO_Problems_5,1,,
,1,1,johnny,2008_IMO_Problems_5,1,,
,1,1,joey,2008_IMO_Problems_5,1,,
,1,0,johnny,2010_AIME_II_Problems_4,0,,
,1,0,alvin,2010_AIME_II_Problems_4,0,,
,1,0,joey,2010_AIME_II_Problems_4,0,1,
,1,0,alvin,2010_USAJMO_Problems_2,1,,
,1,1,johnny,2010_USAJMO_Problems_2,1,,
,1,1,joey,2010_USAJMO_Problems_2,1,,
"This solution is basically repeating the solution above and I don't think its process is complete, though the answer is correct...",0,0,alvin,2010_USAMO_Problems_6,0,,
,1,0,johnny,2010_USAMO_Problems_6,0,,
,0,0,joey,2010_USAMO_Problems_6,0,,
,1,0,alvin,2011_AIME_I_Problems_12,0,,
,1,0,johnny,2011_AIME_I_Problems_12,0,,
,1,0,joey,2011_AIME_I_Problems_12,0,,
,1,1,johnny,2012_AIME_II_Problems_11,1,,
,1,1,alvin,2012_AIME_II_Problems_11,1,,
,1,1,joey,2012_AIME_II_Problems_11,1,1,
,1,0,alvin,2013_USAJMO_Problems_2,0,,
,1,1,johnny,2013_USAJMO_Problems_2,0,,
,1,1,joey,2013_USAJMO_Problems_2,0,,
,1,0,johnny,2014_AMC_10A_Problems_3,1,,
Hard to be novel,1,0,alvin,2014_AMC_10A_Problems_3,1,,1
,1,0,joey,2014_AMC_10A_Problems_3,1,,
,0,0,johnny,2016_AMC_10A_Problems_16,1,,
Barely Novel,0,0,alvin,2016_AMC_10A_Problems_16,1,,
,1,0,joey,2016_AMC_10A_Problems_16,1,,
,1,0,johnny,2016_AMC_8_Problems_6,1,,
,1,0,alvin,2016_AMC_8_Problems_6,1,,
very hard to be novel,1,0,joey,2016_AMC_8_Problems_6,1,,1
,1,1,johnny,2018_USAJMO_Problems_5,1,,
,1,1,alvin,2018_USAJMO_Problems_5,1,,
,1,1,joey,2018_USAJMO_Problems_5,1,,
,1,0,johnny,2019_AMC_8_Problems_20,1,,
,1,1,alvin,2019_AMC_8_Problems_20,1,,
,1,1,joey,2019_AMC_8_Problems_20,1,,
,1,0,johnny,2020_AMC_10A_Problems_1,1,,
,1,1,alvin,2020_AMC_10A_Problems_1,1,,
,1,1,joey,2020_AMC_10A_Problems_1,1,,
,0,1,johnny,2021_USAJMO_Problems_4,0,,
,1,0,alvin,2021_USAJMO_Problems_4,0,,
the solution just comes out of nowhere,0,0,joey,2021_USAJMO_Problems_4,0,,
Hard to be novel,1,0,alvin,2022_AMC_12A_Problems_9,1,,
,1,0,johnny,2022_AMC_12A_Problems_9,1,,
,0,0,joey,2022_AMC_12A_Problems_9,1,,
"this answer is not directly answer the question, but it is not novel",0,0,johnny,2023_AMC_12A_Problems_23,1,,
,1,0,alvin,2023_AMC_12A_Problems_23,1,,
,1,0,joey,2023_AMC_12A_Problems_23,1,,
,1,0,johnny,2023_AMC_12B_Problems_4,1,,
Slightly different,1,0,alvin,2023_AMC_12B_Problems_4,1,,1
very hard to be novel,1,0,joey,2023_AMC_12B_Problems_4,1,,1
,1,0,alvin,2023_USAJMO_Problems_5,1,,
,1,0,johnny,2023_USAJMO_Problems_5,1,,
,1,0,joey,2023_USAJMO_Problems_5,1,,
,1,0,alvin,2024_USAJMO_Problems_3,1,,
,1,0,johnny,2024_USAJMO_Problems_3,1,,
,0,0,joey,2024_USAJMO_Problems_3,1,,
,1,0,johnny,2024_USAJMO_Problems_4,1,,
,1,1,alvin,2024_USAJMO_Problems_4,1,,
,1,1,joey,2024_USAJMO_Problems_4,1,,