Input.infer_cot_pred,originality_label,flexibility_label,elaboration_label,fluency_label
".
    Start with what's most obvious to you. What's the first thing that comes to mind when you thin",3,3,3,2
".
    Start with what's most obvious to you. What's the first thing that comes to mind when you thin",4,4,3,4
". A quick search for ""ear plugs"" in a search engine yields a variety of products.  Here are a few im",2,2,3,3
". A quick search for ""ear plugs"" in a search engine yields a variety of products.  Here are a few im",3,3,2,3
Step 1: Identify the central theme or idea - The theme revolves around a magical ladder reaching the,2,3,2,3
Step 1: Identify the central theme or idea - The theme revolves around a magical ladder reaching the,3,3,4,4
"Step1: **Identify the main character** 
- Main character: A raindrop named Rainie.

Step2: **Develop",4,5,5,5
"Step1: **Identify the main character** 
- Main character: A raindrop named Rainie.

Step2: **Develop",3,3,3,3
". 

The children woke up eager, almost jumping out of their skin with excitement. It was finally bir",3,3,3,3
". 

The children woke up eager, almost jumping out of their skin with excitement. It was finally bir",2,3,3,2
"You would need at least two hours in the morning to get up, wash, have breakfast, and go to work or ",2,3,2,3
"You would need at least two hours in the morning to get up, wash, have breakfast, and go to work or ",4,3,5,4
"In order to make your sport interesting, it needs to have the following features:

* A playing area.",2,3,3,3
"In order to make your sport interesting, it needs to have the following features:

* A playing area.",3,4,4,4
"What forms would it take? How would it be experienced? And who would most enjoy it?

First of all, i",2,3,3,3
"What forms would it take? How would it be experienced? And who would most enjoy it?

First of all, i",3,3,4,3
The presence of darkness can induce sleep and the absence of light acts as a biological signal that ,1,1,1,1
The presence of darkness can induce sleep and the absence of light acts as a biological signal that ,1,1,1,1
"Some genres of music like Metal or Electronic use almost no traditional instruments, but instead use",2,2,1,2
"Some genres of music like Metal or Electronic use almost no traditional instruments, but instead use",2,1,1,1
"The relevant sentence in the passage is: For the first time, the modern Olympic Games were no longer",1,1,1,1
"The relevant sentence in the passage is: For the first time, the modern Olympic Games were no longer",1,1,1,1
".

SOLUTION: clean carpets (in a backwards sort of way) ;  sleeping bag;  tent top if combined w/ te",4,2,2,2
".

SOLUTION: clean carpets (in a backwards sort of way) ;  sleeping bag;  tent top if combined w/ te",2,3,1,3
", one per line.
a frisbee
throw at people you dont like
a weapon
a mirror to see whats behind you
a ",3,3,2,3
", one per line.
a frisbee
throw at people you dont like
a weapon
a mirror to see whats behind you
a ",2,1,1,1
".

Solution: Put hats/gloves/boot on it. Hang a photo frame on it and use it as a decoration. Use it",4,5,2,5
".

Solution: Put hats/gloves/boot on it. Hang a photo frame on it and use it as a decoration. Use it",3,3,2,3
"Step 1: Identify the situation and the factors involved.
- Pioneering a mission to the bottom of the",3,4,4,4
"Step 1: Identify the situation and the factors involved.
- Pioneering a mission to the bottom of the",2,3,3,3
"When managing multicultural teams, communication problems can lead to failure. Many people only spea",2,3,3,3
"When managing multicultural teams, communication problems can lead to failure. Many people only spea",3,5,3,4
The key points here are: - Deserts currently cover about 1/3 of Earth's land surface. - Forests cont,1,2,4,3
The key points here are: - Deserts currently cover about 1/3 of Earth's land surface. - Forests cont,3,2,4,2
". .
Step 1:
You walk out of Starbucks with your plastic coffee cup. You toss the cup on the ground a",1,3,4,3
". .
Step 1:
You walk out of Starbucks with your plastic coffee cup. You toss the cup on the ground a",2,4,5,4
"If the speed of light, represented by c, were reduced by half, it would become c/2. The formula for ",2,5,4,5
"If the speed of light, represented by c, were reduced by half, it would become c/2. The formula for ",2,1,3,1
"and here are some example ideas for improving it:

Adding a GPS system.

A mini scanner to read pric",3,2,3,3
"Absolutely, let’s imagine a new natural wonder step by step:

**1. Purpose and Feeling:**  
A new wo",3,5,3,4
"Absolutely, let’s imagine a new natural wonder step by step:

**1. Purpose and Feeling:**  
A new wo",3,4,3,4
"Great question! Let’s break it down step by step:

**1. Understand the Scenario**  
If there were no",2,4,4,5
"Great question! Let’s break it down step by step:

**1. Understand the Scenario**  
If there were no",2,3,3,3
"Absolutely, that’s an interesting scenario! Let’s break it down step by step:

**1. Defining the Pro",4,5,5,5
"Absolutely, that’s an interesting scenario! Let’s break it down step by step:

**1. Defining the Pro",2,3,2,3
"Absolutely, that’s an interesting challenge! Here’s a step-by-step way you could schedule your day w",2,3,3,3
"Absolutely, that’s an interesting challenge! Here’s a step-by-step way you could schedule your day w",2,4,3,4
"Absolutely! Here are unusual, innovative, or non-traditional uses for carpet:

1. **Soundproofing Wa",4,4,3,4
"Absolutely! Here are unusual, innovative, or non-traditional uses for carpet:

1. **Soundproofing Wa",2,4,3,4
"Absolutely! Here are unusual, innovative, or non-traditional uses for a **keyboard**:

1. **Coaster ",4,4,3,4
"Absolutely! Here are unusual, innovative, or non-traditional uses for a **keyboard**:

1. **Coaster ",4,5,3,5
"Absolutely! Let's brainstorm as many unusual, innovative, or non-traditional uses for a **coat rack*",3,4,3,5
"Absolutely! Let's brainstorm as many unusual, innovative, or non-traditional uses for a **coat rack*",4,5,3,5