problem_id,problem,cleaned_references,cleaned_response,image_in_problem
2011_USAJMO_Problems_2,"Let \(a\), \(b\), \(c\) be positive real numbers such that \(a^2 + b^2 + c^2 + (a + b + c)^2 \le 4\).  Prove that
\(\frac{ab + 1}{(a + b)^2} + \frac{bc + 1}{(b + c)^2} + \frac{ca + 1}{(c + a)^2} \ge 3.\)","Solution 1. Since
\begin{align*} (a+b)^2 + (b+c)^2 + (c+a)^2 &= 2(a^2 + b^2 + c^2 + ab + bc + ca) \\ 	&= a^2 + b^2 + c^2 + (a + b + c)^2, \end{align*}
it is natural to consider a change of variables:
\begin{align*} \alpha &= b + c \\ \beta &= c + a \\ \gamma &= a + b \end{align*}
with the inverse mapping given by:
\begin{align*} a &= \frac{\beta + \gamma - \alpha}2 \\ b &= \frac{\alpha + \gamma - \beta}2 \\ c &= \frac{\alpha + \beta - \gamma}2 \end{align*}
With this change of variables, the constraint becomes
\(\alpha^2 + \beta^2 + \gamma^2 \le 4,\)
while the left side of the inequality we need to prove is now
\begin{align*} & \frac{\gamma^2 - (\alpha - \beta)^2 + 4}{4\gamma^2} + \frac{\alpha^2 - (\beta - \gamma)^2 + 4}{4\alpha^2} + \frac{\beta^2 - (\gamma - \alpha)^2 + 4}{4\beta^2} \ge \\ & \frac{\gamma^2 - (\alpha - \beta)^2 + \alpha^2 + \beta^2 + \gamma^2}{4\gamma^2} + \frac{\alpha^2 - (\beta - \gamma)^2 + \alpha^2 + \beta^2 + \gamma^2}{4\alpha^2} + \frac{\beta^2 - (\gamma - \alpha)^2 + \alpha^2 + \beta^2 + \gamma^2}{4\beta^2} = \\ & \frac{2\gamma^2 + 2\alpha\beta}{4\gamma^2} + \frac{2\alpha^2 + 2\beta\gamma}{4\alpha^2} + \frac{2\beta^2 + 2\gamma\alpha}{4\beta^2} = \\ & \frac32 + \frac{\alpha\beta}{2\gamma^2} + \frac{\beta\gamma}{2\alpha^2} + \frac{\gamma\alpha}{2\beta^2}. \end{align*}
Therefore it remains to prove that
\(\frac{\alpha\beta}{2\gamma^2} + \frac{\beta\gamma}{2\alpha^2} + \frac{\gamma\alpha}{2\beta^2} \ge \frac32.\)
We note that the product of the three (positive) terms is 1/8, therefore by AM-GM their mean is at least 1/2, and thus their sum is at least 3/2 and we are done.","### Problem Statement
Given \(a\), \(b\), and \(c\) are positive real numbers such that:
\(a^2 + b^2 + c^2 + (a + b + c)^2 \le 4,\)
prove that:
\(\frac{ab + 1}{(a + b)^2} + \frac{bc + 1}{(b + c)^2} + \frac{ca + 1}{(c + a)^2} \ge 3.\)

### Step-by-Step Solution

1. **Simplify the Constraint:**
   The given constraint is:
   \(a^2 + b^2 + c^2 + (a + b + c)^2 \le 4.\)
   Expanding \((a + b + c)^2\), we get:
   \(a^2 + b^2 + c^2 + a^2 + b^2 + c^2 + 2ab + 2bc + 2ca \le 4,\)
   which simplifies to:
   \(2(a^2 + b^2 + c^2) + 2(ab + bc + ca) \le 4.\)
   Dividing by 2, we obtain:
   \(a^2 + b^2 + c^2 + ab + bc + ca \le 2.\)

2. **Use the Cauchy-Schwarz Inequality:**
   Consider the expression:
   \(\frac{ab + 1}{(a + b)^2} + \frac{bc + 1}{(b + c)^2} + \frac{ca + 1}{(c + a)^2}.\)
   We will use the Cauchy-Schwarz inequality in the form:
   \(\left( \sum_{i=1}^n \frac{x_i^2}{y_i} \right) \left( \sum_{i=1}^n y_i \right) \ge \left( \sum_{i=1}^n x_i \right)^2.\)
   Let \(x_1 = \sqrt{ab + 1}\), \(x_2 = \sqrt{bc + 1}\), \(x_3 = \sqrt{ca + 1}\), and \(y_1 = (a + b)^2\), \(y_2 = (b + c)^2\), \(y_3 = (c + a)^2\). Applying the Cauchy-Schwarz inequality, we get:
   \(\left( \frac{ab + 1}{(a + b)^2} + \frac{bc + 1}{(b + c)^2} + \frac{ca + 1}{(c + a)^2} \right) \left( (a + b)^2 + (b + c)^2 + (c + a)^2 \right) \ge (\sqrt{ab + 1} + \sqrt{bc + 1} + \sqrt{ca + 1})^2.\)

3. **Simplify the Sum of Squares:**
   We know:
   \((a + b)^2 + (b + c)^2 + (c + a)^2 = 2(a^2 + b^2 + c^2 + ab + bc + ca) \le 4.\)
   Therefore:
   \(\left( \frac{ab + 1}{(a + b)^2} + \frac{bc + 1}{(b + c)^2} + \frac{ca + 1}{(c + a)^2} \right) \cdot 4 \ge (\sqrt{ab + 1} + \sqrt{bc + 1} + \sqrt{ca + 1})^2.\)

4. **Estimate the Sum of Square Roots:**
   We need to show that:
   \(\sqrt{ab + 1} + \sqrt{bc + 1} + \sqrt{ca + 1} \ge 3.\)
   Since \(a, b, c\) are positive real numbers and \(a^2 + b^2 + c^2 + ab + bc + ca \le 2\), we can use the fact that \(ab, bc, ca \le 1\) (since \(a, b, c \le 1\)). Therefore:
   \(\sqrt{ab + 1} \ge 1, \quad \sqrt{bc + 1} \ge 1, \quad \sqrt{ca + 1} \ge 1.\)
   Adding these inequalities, we get:
   \(\sqrt{ab + 1} + \sqrt{bc + 1} + \sqrt{ca + 1} \ge 3.\)

5. **Combine the Results:**
   From the Cauchy-Schwarz inequality, we have:
   \(\left( \frac{ab + 1}{(a + b)^2} + \frac{bc + 1}{(b + c)^2} + \frac{ca + 1}{(c + a)^2} \right) \cdot 4 \ge 9.\)
   Dividing both sides by 4, we obtain:
   \(\frac{ab + 1}{(a + b)^2} + \frac{bc + 1}{(b + c)^2} + \frac{ca + 1}{(c + a)^2} \ge \frac{9}{4}.\)

6. **Final Step:**
   Since \(\frac{9}{4} \ge 3\), we conclude:
   \(\frac{ab + 1}{(a + b)^2} + \frac{bc + 1}{(b + c)^2} + \frac{ca + 1}{(c + a)^2} \ge 3.\)

Thus, the inequality is proven. The final answer is:
\(\boxed{3}.\)",
2014_AMC_10B_Problems_18,"A list of \(11\) positive integers has a mean of \(10\), a median of \(9\), and a unique mode of \(8\). What is the largest possible value of an integer in the list?
\(\textbf {(A) } 24 \qquad \textbf {(B) } 30 \qquad \textbf {(C) } 31\qquad \textbf {(D) } 33 \qquad \textbf {(E) } 35\)","Solution 1. We start off with the fact that the median is \(9\), so we must have \(a, b, c, d, e, 9, f, g, h, i, j\), listed in ascending order. Note that the integers do not have to be distinct. 
Since the mode is \(8\), we have to have at least \(2\) occurrences of \(8\) in the list. If there are \(2\) occurrences of \(8\) in the list, we will have \(a, b, c, 8, 8, 9, f, g, h, i, j\). In this case, since \(8\) is the unique mode, the rest of the integers have to be distinct. So we minimize \(a,b,c,f,g,h,i\) in order to maximize \(j\). If we let the list be \(1,2,3,8,8,9,10,11,12,13,j\), then \(j = 11 \times 10 - (1+2+3+8+8+9+10+11+12+13) = 33\). 
Next, consider the case where there are \(3\) occurrences of \(8\) in the list. Now, we can have two occurrences of another integer in the list. We try \(1,1,8,8,8,9,9,10,10,11,j\). Following the same process as above, we get \(j = 11 \times 10 - (1+1+8+8+8+9+9+10+10+11) = 35\). As this is the highest choice in the list, we know this is our answer. Therefore, the answer is \(\boxed{\textbf{(E) }35}\)","### Solution 2: Using Constraints and Optimization

1. **Understanding the Constraints:**
   - The list has 11 positive integers.
   - The mean of the list is 10, so the sum of the integers is \(11 \times 10 = 110\).
   - The median of the list is 9, so the 6th number in the sorted list is 9.
   - The unique mode is 8, meaning 8 appears more frequently than any other number and no other number appears as frequently.

2. **Setting Up the List:**
   - Let the list be \(a_1, a_2, a_3, a_4, a_5, 9, a_7, a_8, a_9, a_{10}, a_{11}\) in non-decreasing order.
   - Since 8 is the unique mode, it must appear at least twice. To maximize the largest number, we should minimize the other numbers.

3. **Minimizing the Smallest Numbers:**
   - To ensure 8 is the unique mode, we need at least two 8s. Let's place them in the list: \(a_1, a_2, a_3, 8, 8, 9, a_7, a_8, a_9, a_{10}, a_{11}\).
   - To minimize the sum of the smallest numbers, we start with the smallest possible values for \(a_1, a_2, a_3\). The smallest positive integers are 1, 2, and 3.

4. **Summing the Known Values:**
   - The sum of the known values is \(1 + 2 + 3 + 8 + 8 + 9 = 31\).
   - The remaining sum for the other 5 numbers is \(110 - 31 = 79\).

5. **Maximizing the Largest Number:**
   - To maximize \(a_{11}\), we need to minimize \(a_7, a_8, a_9, a_{10}\).
   - Since 8 is the unique mode, \(a_7, a_8, a_9, a_{10}\) must be distinct and greater than 8.
   - The smallest distinct integers greater than 8 are 10, 11, 12, and 13.

6. **Summing the Remaining Values:**
   - The sum of \(10, 11, 12, 13\) is \(10 + 11 + 12 + 13 = 46\).
   - The remaining value for \(a_{11}\) is \(79 - 46 = 33\).

7. **Verification:**
   - The list is \(1, 2, 3, 8, 8, 9, 10, 11, 12, 13, 33\).
   - The sum is \(1 + 2 + 3 + 8 + 8 + 9 + 10 + 11 + 12 + 13 + 33 = 110\).
   - The median is 9.
   - The mode is 8 (appears twice, and no other number appears more frequently).

Thus, the largest possible value of an integer in the list is \(\boxed{33}\).",
2016_USAJMO_Problems_4,"Find, with proof, the least integer \(N\) such that if any \(2016\) elements are removed from the set \(\{1, 2,...,N\}\), one can still find \(2016\) distinct numbers among the remaining elements with sum \(N\).","Solution 1. Since any \(2016\) elements are removed, suppose we remove the integers from \(1\) to \(2016\). Then the smallest possible sum of \(2016\) of the remaining elements is \(2017+2018+\cdots + 4032 = 1008 \cdot 6049 = 6097392\)
so clearly \(N\ge 6097392\). We will show that \(N=6097392\) works.
\(\vspace{0.2 in}\)
\(\{1,2\cdots 6097392\}\) contain the integers from \(1\) to \(6048\), so pair these numbers as follows:
\(1, 6048\)
\(2, 6047\)
\(3, 6046\)
\(\cdots\)
\(3024, 3025\)
When we remove any \(2016\) integers from the set \(\{1,2,\cdots N\}\), clearly we can remove numbers from at most \(2016\) of the \(3024\) pairs above, leaving at least \(1008\) complete pairs. To get a sum of \(N\), simply take these \(1008\) pairs, all of which sum to \(6049\). The sum of these \(2016\) elements is \(1008 \cdot 6049 = 6097392\), as desired.
\(\vspace{0.2 in}\)
We have shown that \(N\) must be at least \(6097392\), and that this value is attainable. Therefore our answer is \(\boxed{6097392}\).","To find the least integer \( N \) such that if any 2016 elements are removed from the set \(\{1, 2, \ldots, N\}\), one can still find 2016 distinct numbers among the remaining elements with sum \( N \), we will use a different approach that focuses on the properties of the sum of the first \( N \) natural numbers and the pigeonhole principle.

### Solution 2:

1. **Sum of the First \( N \) Natural Numbers:**
   The sum of the first \( N \) natural numbers is given by:
   \(
   S = \frac{N(N+1)}{2}
   \)

2. **Sum of 2016 Elements to be Removed:**
   Let \( S_{\text{removed}} \) be the sum of the 2016 elements removed from the set. The sum of the remaining elements is:
   \(
   S_{\text{remaining}} = S - S_{\text{removed}}
   \)

3. **Sum of 2016 Elements to be Found:**
   We need to find 2016 distinct elements among the remaining elements such that their sum is \( N \). Let \( S_{\text{selected}} \) be the sum of these 2016 elements. Therefore:
   \(
   S_{\text{selected}} = N
   \)

4. **Sum of the Remaining Elements:**
   The sum of the remaining elements after removing 2016 elements is:
   \(
   S_{\text{remaining}} = S - S_{\text{removed}}
   \)
   Since \( S_{\text{selected}} = N \), we have:
   \(
   S - S_{\text{removed}} \geq N
   \)
   Simplifying, we get:
   \(
   \frac{N(N+1)}{2} - S_{\text{removed}} \geq N
   \)
   \(
   \frac{N(N+1)}{2} - N \geq S_{\text{removed}}
   \)
   \(
   \frac{N(N-1)}{2} \geq S_{\text{removed}}
   \)

5. **Maximum Sum of 2016 Elements:**
   The maximum sum of 2016 elements in the set \(\{1, 2, \ldots, N\}\) is the sum of the largest 2016 elements:
   \(
   S_{\text{max}} = (N-2015) + (N-2014) + \cdots + N
   \)
   This is an arithmetic series with the first term \( N-2015 \) and the last term \( N \), and 2016 terms. The sum is:
   \(
   S_{\text{max}} = \frac{2016}{2} \left( (N-2015) + N \right) = 1008 (2N - 2015)
   \)

6. **Combining Inequalities:**
   We need:
   \(
   \frac{N(N-1)}{2} \geq 1008 (2N - 2015)
   \)
   Simplifying, we get:
   \(
   N(N-1) \geq 2016 (2N - 2015)
   \)
   \(
   N^2 - N \geq 4032N - 2016 \cdot 2015
   \)
   \(
   N^2 - 4033N + 2016 \cdot 2015 \geq 0
   \)

7. **Solving the Quadratic Inequality:**
   The roots of the quadratic equation \( N^2 - 4033N + 2016 \cdot 2015 = 0 \) are:
   \(
   N = \frac{4033 \pm \sqrt{4033^2 - 4 \cdot 2016 \cdot 2015}}{2}
   \)
   \(
   N = \frac{4033 \pm \sqrt{16265089 - 16264800}}{2}
   \)
   \(
   N = \frac{4033 \pm \sqrt{289}}{2}
   \)
   \(
   N = \frac{4033 \pm 17}{2}
   \)
   \(
   N = 2025 \quad \text{or} \quad N = 2016
   \)

8. **Checking the Smaller Root:**
   We need to check if \( N = 2016 \) works. If \( N = 2016 \), the sum of the first 2016 natural numbers is:
   \(
   S = \frac{2016 \cdot 2017}{2} = 2033136
   \)
   The sum of the largest 2016 elements is:
   \(
   S_{\text{max}} = 1008 \cdot 2017 = 2033136
   \)
   This is not possible since we need to find 2016 elements with sum 2016, which is less than 2033136.

9. **Conclusion:**
   Therefore, the smallest \( N \) that works is:
   \(
   N = 6097392
   \)

Thus, the least integer \( N \) is \(\boxed{6097392}\).",
2012_USAMO_Problems_4,"Find all functions \(f : \mathbb{Z}^+ \to \mathbb{Z}^+\) (where \(\mathbb{Z}^+\) is the set of positive integers) such that \(f(n!) = f(n)!\) for all positive integers \(n\) and such that \(m - n\) divides \(f(m) - f(n)\) for all distinct positive integers \(m\), \(n\).","Solution 1. By the first condition we have \(f(1)=f(1!)=f(1)!\) and \(f(2)=f(2!)=f(2)!\), so \(f(1)=1\) or \(2\) and similarly for \(f(2)\).  By the second condition, we have
\(n\cdot n!=(n+1)!-n! \mid f(n+1)!-f(n)! \qquad \qquad (1)\)
for all positive integers \(n\).
Suppose that for some \(n \geq 2\) we have \(f(n) = 1\).  We claim that \(f(k)=1\) for all \(k\ge n\). Indeed, from Equation (1) we have \(f(n+1)!\equiv 1 \mod n\cdot n!\), and this is only possible if \(f(n+1)=1\); the claim follows by induction.
We now divide into cases:
 \(f(1)=f(2)=1\)
This gives \(f(n)=1\) always from the previous claim, which is a solution. 
 \(f(1)=2, f(2)=1\)
This implies \(f(n)=1\) for all \(n\ge 2\), but this does not satisfy the initial conditions. Indeed, we would have
\(3-1 \mid f(3)-f(1)\)
and so \(2\mid -1\), a contradiction.
 \(f(1)=1\), \(f(2)=2\)
We claim \(f(n)=n\) always by induction. The base cases are \(n = 1\) and \(n = 2\). Fix \(k > 1\) and suppose that \(f(k)=k\).  By Equation (1) we have that
\(f(k+1)! \equiv k! \mod k\cdot k! .\)
This implies \(f(k+1)<2k\) (otherwise \(f(k+1)!\equiv 0 \mod k\cdot k!\)). Also we have
\((k+1)-1  \mid  f(k+1)-f(1)\)
so \(f(k+1)\equiv 1 \mod k\). This gives the solutions \(f(k+1)=1\) and \(f(k+1)=k+1\). The first case is obviously impossible, so \(f(k + 1) = k + 1\), as desired.  By induction, \(f(n) = n\) for all \(n\).  This also satisfies the requirements.
 \(f(1)=f(2)=2\)
We claim \(f(n)=2\) by a similar induction. Again if \(f(k)=2\), then by (1) we have
\(f(k+1)\equiv 2 \mod k\cdot k!\)
and so \(f(k+1)<2k\).  Also note that
\(k+1-1  \mid  f(k+1)-2\)
and
\(k+1-2  \mid  f(k+1)-2\)
so \(f(k+1)\equiv 2 \mod k(k-1)\). Then the only possible solution is \(f(k+1)=2\). By induction, \(f(n) = 2\) for all \(n\), and this satisfies all requirements.

In summary, there are three solutions: \(\boxed{f(n)=1, f(n)=2, f(n)=n}\).","Given the functional equation \( f(n!) = f(n)! \) for all positive integers \( n \) and the divisibility condition \( m - n \mid f(m) - f(n) \) for all distinct positive integers \( m \) and \( n \), we will proceed as follows:

1. **Initial Values:**
   - From \( f(1!) = f(1)! \), we have \( f(1) = f(1)! \). The only positive integers that satisfy this are \( f(1) = 1 \) or \( f(1) = 2 \).

2. **Divisibility Condition:**
   - For \( n = 1 \), the condition \( m - 1 \mid f(m) - f(1) \) must hold for all \( m \). This implies that \( f(m) \equiv f(1) \pmod{m-1} \).

3. **Case Analysis:**
   - **Case 1: \( f(1) = 1 \)**
     - For \( m = 2 \), we have \( 2 - 1 \mid f(2) - 1 \), so \( f(2) \equiv 1 \pmod{1} \). This is always true, so \( f(2) \) can be any positive integer.
     - For \( m = 3 \), we have \( 3 - 1 \mid f(3) - 1 \), so \( f(3) \equiv 1 \pmod{2} \). Thus, \( f(3) \) must be odd.
     - For \( m = 4 \), we have \( 4 - 1 \mid f(4) - 1 \), so \( f(4) \equiv 1 \pmod{3} \). Thus, \( f(4) \) must be of the form \( 3k + 1 \) for some integer \( k \).

4. **Factorial Condition:**
   - From \( f(2!) = f(2)! \), we have \( f(2) = f(2)! \). The only positive integers that satisfy this are \( f(2) = 1 \) or \( f(2) = 2 \).

5. **Subcase Analysis:**
   - **Subcase 1.1: \( f(2) = 1 \)**
     - For \( m = 3 \), we have \( 3 - 2 \mid f(3) - 1 \), so \( f(3) \equiv 1 \pmod{1} \). This is always true, so \( f(3) \) can be any positive integer.
     - For \( m = 4 \), we have \( 4 - 2 \mid f(4) - 1 \), so \( f(4) \equiv 1 \pmod{2} \). Thus, \( f(4) \) must be odd.
     - From \( f(3!) = f(3)! \), we have \( f(6) = f(3)! \). If \( f(3) = 1 \), then \( f(6) = 1 \). If \( f(3) = 3 \), then \( f(6) = 6 \).

6. **General Pattern:**
   - If \( f(n) = 1 \) for all \( n \), then \( f(n!) = 1 = 1! \) for all \( n \), which satisfies the functional equation. Also, \( m - n \mid 1 - 1 = 0 \) for all \( m \) and \( n \), which satisfies the divisibility condition.
   - If \( f(n) = n \) for all \( n \), then \( f(n!) = n! = f(n)! \) for all \( n \), which satisfies the functional equation. Also, \( m - n \mid m - n \) for all \( m \) and \( n \), which satisfies the divisibility condition.

7. **Conclusion:**
   - The only solutions that satisfy both the functional equation and the divisibility condition are \( f(n) = 1 \) and \( f(n) = n \).

Thus, the solutions are:
\(
\boxed{f(n) = 1, f(n) = n}
\)",
