infer_cot_input,infer_cot_pred,rubric
"Common Problems Task. In this task, you will be presented with a scenario or situation. Your job is to think about it and identify as many potential problems or issues that may arise in connection with each situation. Let's think step by step. The scenario is: Pioneering a mission to the bottom of the ocean.","Absolutely! Let’s break down the scenario of pioneering a mission to the bottom of the ocean and identify as many potential problems or issues as possible, step by step:

**1. Technical Challenges**  
- **Extreme water pressure:** The pressure at the bottom of the ocean (10,000+ meters) is crushing, requiring specially engineered vehicles and materials.
- **Engineering submersibles:** Building submersibles tough enough to survive the pressure while remaining maneuverable and lightweight.
- **Communication limitations:** Radio waves don't travel well through water, so maintaining contact with the surface or mission control is difficult.
- **Power supply:** Supplying and storing sufficient power for propulsion, life support, lights, and data-gathering equipment over potentially extended missions.
- **Navigation:** GPS does not work underwater; alternative navigation methods (acoustic, inertial) are required but less accurate.
- **Equipment failure:** The harsh conditions may cause mechanical or electronic failure, risking the mission and person's safety.

**2. Human Factors (if crewed)**  
- **Life support:** Providing sufficient breathable air, removal of CO2, temperature regulation, humidity, and water for the crew.
- **Space limitations:** Submersibles are cramped; psychological stress and physical comfort can be issues over long durations.
- **Emergency escape:** Designing safe escape or rescue options if something goes wrong at such depths.
- **Health risks:** Extended high-pressure environments may have unknown health impacts.

**3. Environmental Hazards**  
- **Unknown terrain:** The seafloor is largely unmapped and can be hazardous (trenches, vents, sharp rocks).
- **Biological threats:** Dangerous or unknown deep-sea organisms could threaten equipment or personnel.
- **Toxic chemicals:** Deep-sea vents may emit toxic chemicals (e.g., hydrogen sulfide).

**4. Scientific Challenges**  
- **Instrument calibration:** Scientific instruments may not function correctly in extreme deep-sea environments.
- **Sample preservation:** Bringing samples to the surface without altering or damaging them is nontrivial.

**5. Financial & Logistical Issues**  
- **High cost:** Building, launching, and maintaining such missions is extremely expensive.
- **Resource allocation:** Balancing mission goals with available technology and funding.
- **Supply & support:** Getting equipment, spare parts, and support personnel to often remote launch sites.

**6. Environmental & Ethical Concerns**  
- **Potential for ecosystem disruption:** Introducing foreign objects or pollutants could disturb fragile deep-sea ecosystems.
- **Legal issues:** Deep ocean","- Definition: This task focuses on everyday problems that are familiar to most people, requiring participants to generate innovative and effective solutions. For example, organizing a cross-country road trip or building a tree house.
- Example: Common Problems Task. In this task, you will be presented with a scenario or situation. Your job is to think about it and identify as many potential problems or issues that may arise in connection with each situation. Let's think step by step. The scenario is: Overcoming language barriers in a multicultural workplace.


| Dimension       | What to Look For                                                         | 1                    | 3                                    | 5                                                                                           |
| --------------- | ------------------------------------------------------------------------ | -------------------- | ------------------------------------ | ------------------------------------------------------------------------------------------- |
| **Fluency**     | Number of distinct problems                                              | 0–2                  | 6–8                                  | ≥13                                                                                         |
| **Flexibility** | Number of problem types (tech, env, human, logistic, legal, financial …) | 1 type               | 3–4 types                            | ≥6 types                                                                                    |
| **Originality** | Rarity of problems listed                                                | generic (“pressure”) | some specific (“biological hazards”) | multiple rare, cross-domain risks (“cyber-spoofing of acoustic comms,” “EEZ law conflicts”) |
| **Elaboration** | Mechanistic and causal depth                                             | labels only          | short mechanism                      | multi-step causal chains + examples + mitigation                                            |
"
"Common Problems Task. In this task, you will be presented with a scenario or situation. Your job is to think about it and identify as many potential problems or issues that may arise in connection with each situation. Let's think step by step. The scenario is: Writing a screenplay for a feature film.","Absolutely! Let’s break down the scenario: **Writing a screenplay for a feature film** and identify potential problems step by step:

---

### 1. **Initial Conception and Idea Generation**
- **Lack of Originality**: The idea may be too similar to existing films.
- **Unclear Theme/Message**: The story’s purpose or emotional core may not be well-defined.
- **Overly Ambitious Scope**: Trying to fit in too many elements or subplots.
- **Genre Confusion**: Not understanding the conventions of the genre.

---

### 2. **Developing the Story Outline**
- **Weak Structure**: Missing key plot points (beginning, middle, end).
- **Plot Holes**: Inconsistencies or illogical events.
- **Pacing Issues**: Events may happen too quickly or slowly.
- **Thin Character Arcs**: Characters who don’t grow or change.
- **Underdeveloped Subplots**: Side stories distracting from the main plot, or not developed enough.

---

### 3. **Character Development**
- **One-Dimensional Characters**: Characters feel flat or stereotypical.
- **Unclear Motivations**: Why characters act as they do is not well-established.
- **Too Many Characters**: Hard to keep track of or serve all characters meaningfully.
- **Unlikable Protagonists**: Main character is hard for audiences to root for.

---

### 4. **Writing Dialogue**
- **Unnatural Speech**: Dialogue doesn’t sound like how real people talk.
- **Exposition Dump**: Characters say things only for audience benefit, not realistically.
- **On-the-Nose Dialogue**: Characters state exactly what they feel or want.
- **Lack of Subtext**: Dialogue devoid of underlying meaning or tension.

---

### 5. **Formatting and Technical Aspects**
- **Improper Formatting**: Not following screenplay structure (scene headings, action, dialogue).
- **Length Issues**: Script is too short or long for standard feature film.
- **Too Much Description**: Slowing the pace with excessive details.
- **Camera Directions in Script**: Including shot choices better left to director.

---

### 6. **Feedback and Revision**
- **Ignoring Feedback**: Not listening to input from trusted readers.
- **Over-revising**: Losing the original spark by rewriting too much.
- **Conflicting Notes**: Different feedback from different sources; hard to decide.","- Definition: This task focuses on everyday problems that are familiar to most people, requiring participants to generate innovative and effective solutions. For example, organizing a cross-country road trip or building a tree house.
- Example: Common Problems Task. In this task, you will be presented with a scenario or situation. Your job is to think about it and identify as many potential problems or issues that may arise in connection with each situation. Let's think step by step. The scenario is: Overcoming language barriers in a multicultural workplace.


| Dimension       | What to Look For                                                         | 1                    | 3                                    | 5                                                                                           |
| --------------- | ------------------------------------------------------------------------ | -------------------- | ------------------------------------ | ------------------------------------------------------------------------------------------- |
| **Fluency**     | Number of distinct problems                                              | 0–2                  | 6–8                                  | ≥13                                                                                         |
| **Flexibility** | Number of problem types (tech, env, human, logistic, legal, financial …) | 1 type               | 3–4 types                            | ≥6 types                                                                                    |
| **Originality** | Rarity of problems listed                                                | generic (“pressure”) | some specific (“biological hazards”) | multiple rare, cross-domain risks (“cyber-spoofing of acoustic comms,” “EEZ law conflicts”) |
| **Elaboration** | Mechanistic and causal depth                                             | labels only          | short mechanism                      | multi-step causal chains + examples + mitigation                                            |
"
"Common Problems Task. In this task, you will be presented with a scenario or situation. Your job is to think about it and identify as many potential problems or issues that may arise in connection with each situation. Let's think step by step. The scenario is: Overcoming language barriers in a multicultural workplace.","Certainly! Let’s break down the scenario: **Overcoming language barriers in a multicultural workplace.**

I’ll identify as many potential problems or issues as possible, step by step:

---

### 1. **Communication Breakdowns**
- Instructions may be misunderstood or misinterpreted.
- Increased likelihood of mistakes due to unclear directions.
- Difficulty in conveying expectations and feedback.

### 2. **Reduced Team Cohesion**
- Team members may feel isolated if they cannot participate fully.
- Cliques may form along language lines, leading to fractured teams.
- Employees might avoid collaborating with those with whom communication is difficult.

### 3. **Decreased Productivity**
- More time is required to explain tasks or repeat information.
- Delays if employees hesitate to ask clarifying questions.
- Mistakes take longer to resolve due to communication gaps.

### 4. **Lowered Morale and Job Satisfaction**
- Employees may feel excluded or undervalued.
- Frustration and stress from struggling to communicate.
- Potential for increased staff turnover.

### 5. **Safety Risks**
- Safety instructions might not be fully understood.
- Emergencies could become more dangerous if communication fails.

### 6. **Customer Service Issues**
- Multicultural employees may struggle to communicate effectively with customers.
- Potential for misunderstandings or unintentional offense to customers.

### 7. **Difficulties in Performance Appraisal**
- Managers may misjudge employees due to miscommunication.
- Employees may not know how to improve due to unclear feedback.

### 8. **Barriers to Professional Development**
- Employees might not understand training materials or presentations.
- Opportunities for advancement may be limited if language is seen as a barrier.

### 9. **Unintentional Exclusion or Discrimination**
- Socialization may be limited to those with a similar language background.
- Non-native speakers might be excluded from decision-making processes.
- Unconscious bias may affect promotions or assignments.

### 10. **Legal and Compliance Issues**
- Regulatory requirements around inclusivity may not be met.
- Employees may not understand their rights and responsibilities.

### 11. **Increased Costs**
- Need for translation services, interpreters, or multilingual materials.
- Investment in language training or communication tools.

### 12. **Difficulty Adapting Company Culture**
- Harder to instill shared values and company ethos.
- Misunderstandings about company policies or unwritten rules.

---

## **Summary Table**

| Category                         | Examples of Issues                                               |
|-----------------------------------","- Definition: This task focuses on everyday problems that are familiar to most people, requiring participants to generate innovative and effective solutions. For example, organizing a cross-country road trip or building a tree house.
- Example: Common Problems Task. In this task, you will be presented with a scenario or situation. Your job is to think about it and identify as many potential problems or issues that may arise in connection with each situation. Let's think step by step. The scenario is: Overcoming language barriers in a multicultural workplace.


| Dimension       | What to Look For                                                         | 1                    | 3                                    | 5                                                                                           |
| --------------- | ------------------------------------------------------------------------ | -------------------- | ------------------------------------ | ------------------------------------------------------------------------------------------- |
| **Fluency**     | Number of distinct problems                                              | 0–2                  | 6–8                                  | ≥13                                                                                         |
| **Flexibility** | Number of problem types (tech, env, human, logistic, legal, financial …) | 1 type               | 3–4 types                            | ≥6 types                                                                                    |
| **Originality** | Rarity of problems listed                                                | generic (“pressure”) | some specific (“biological hazards”) | multiple rare, cross-domain risks (“cyber-spoofing of acoustic comms,” “EEZ law conflicts”) |
| **Elaboration** | Mechanistic and causal depth                                             | labels only          | short mechanism                      | multi-step causal chains + examples + mitigation                                            |
"
What would happen if the world's deserts suddenly turned into forests?Let's think step by step.,"Absolutely—let’s break down the possible consequences **step by step** if the world’s deserts were to suddenly become forests.

---

**1. Immediate Ecological Disruption**

- **Habitat Loss for Desert Species**  
Deserts have unique plants and animals adapted to arid conditions (e.g., cacti, camels, scorpions). Sudden transformation would likely wipe out many of these specialized species due to habitat loss and new competition.
- **Invasive Forest Species**  
Forest ecosystems would introduce entirely different flora and fauna, rapidly overtaking native desert life.

---

**2. Climate Impacts**

- **Global Temperature Change**  
Deserts are reflective and help cool the planet by reflecting sunlight. Forests are darker, absorb more sunlight, and **could increase surface temperatures** in these regions—but the greater impact might be:
- **CO₂ Absorption**  
Forests are carbon sinks. Turning deserts to forests would remove huge quantities of CO₂ from the atmosphere, **slowing climate change**.
- **Albedo Effect**  
Lower reflectivity (albedo) from forested land could locally warm the area, somewhat offsetting the cooling from CO₂ sequestration.

---

**3. Water Cycle and Rainfall**

- **Regional Rainfall Increase**  
Forests transpire water, increasing local humidity and rainfall. Former deserts could become much wetter over time, altering regional weather patterns.
- **Potential Disruption of Existing Weather Systems**  
Monsoons, trade winds, and global circulation rely on differences between deserts and forests. Changing all deserts could **disrupt weather on a global scale**, affecting rainfall elsewhere (possibly even reducing rain in current forest areas).
- **Rivers and Lakes**  
Formerly dry areas might develop new lakes and rivers, altering geography.

---

**4. Soil and Landscape Changes**

- **Soil Formation**  
Desert soils are poor and thin. Forest growth would gradually improve soil quality, but initially, new trees might struggle. If they appear instantly, it complicates natural soil-building processes.
- **Sandstorms Would Cease**  
Without exposed sand, the global issue of dust and sandstorms would diminish.

---

**5. Human Consequences**

- **New Habitable Land**  
Regions previously considered uninhabitable (like the Sahara) could support agriculture, cities, and large populations.
- **Loss of Unique Cultures**  
Nomadic and oasis-based cultures specific to deserts would face challenges or disappear.
- **Infrastructure Challenges**  
Sudden vegetation growth could","- Definition: This task focuses on the ability to foresee consequences or outcomes of an unusual or hypothetical situation. For example, what would be the implications if animals could talk?
- Example: What would happen if the world's deserts suddenly turned into forests?Let's think step by step.

| Dimension       | What to Look For                                                                   | 1                              | 3                                    | 5                                                                                                              |
| --------------- | ---------------------------------------------------------------------------------- | ------------------------------ | ------------------------------------ | -------------------------------------------------------------------------------------------------------------- |
| **Fluency**     | Number of consequences                                                             | 1–2                            | 6–8                                  | ≥12 distinct effects                                                                                           |
| **Flexibility** | Diversity of domains (social, ecological, economic, legal, technological, moral …) | 1–2 domains                    | 3–4                                  | ≥6 domains                                                                                                     |
| **Originality** | Novelty of consequences                                                            | generic (“laws against noise”) | some less-common links               | multiple specific and unexpected but plausible chains (“AI translation obsolete because parrots become spies”) |
| **Elaboration** | Causal depth and mechanism                                                         | statement only                 | “because→therefore” chain or example | layered reasoning with second-order effects or quantitative hint                                               |
"
What would happen if plastic could biodegrade as quickly as paper?Let's think step by step.,"Absolutely, let's break this down step by step:

### Step 1: Understand the Current Difference
- **Paper** typically biodegrades within weeks to a few months.
- **Plastic** (like polyethylene or PET) can take hundreds or even thousands of years.

### Step 2: Hypothetical Change
- Imagine **plastic biodegrades as quickly as paper** — i.e., disappears within weeks to months under common environmental conditions.

---

## Environmental Impacts

1. **Reduced Pollution**
    - **Dramatic decrease in plastic pollution** on land and in oceans, as plastics wouldn't linger for decades/centuries.
    - Ghost nets, plastic bags, and microplastics would not accumulate in ecosystems.

2. **Wildlife Protection**
    - Less risk to marine and terrestrial animals who ingest or become entangled in plastic debris.

3. **Cleaner Landscapes and Waterways**
    - Less litter in streets, beaches, rivers, and cities.

---

## Waste Management

4. **Easier Management**
    - Less pressure on landfills, as plastics would break down quickly just like compostable waste.
    - Composting facilities and home composting could handle a wider variety of waste.

5. **Less Need for Recycling**
    - The incentive to recycle to prevent long-term environmental harm would be reduced. However, recycling could still be important for resource conservation.

---

## Human Health

6. **Reduced Exposure**
    - Lower levels of microplastics in water, food, and air, which could help with associated health risks.

---

## Industry and Economy

7. **Product Design Changes**
    - Companies might need to rethink the shelf life and storage of plastic-packaged goods to prevent unwanted biodegradation.
    - Some uses (e.g., medical devices, construction) might require newly designed plastics to ensure longevity.

8. **Shifts in Manufacturing**
    - The push for ""biodegradable"" or ""compostable"" plastics would become the norm or obsolete if all plastics were like this.

---

## Potential Downsides / Challenges

9. **Unintended Degradation**
    - **Stability:** If plastics degrade too quickly, products could fail before use if not stored properly (e.g., food wrappers breaking down on the shelf).
    - Engineers would need to tailor degradation rates or develop coatings for products needing long life.

10. **Increased Consumption**
    - People/companies might use even more plastic, knowing it's no longer a long-term pollutant, possibly leading to other resource and","- Definition: This task focuses on the ability to foresee consequences or outcomes of an unusual or hypothetical situation. For example, what would be the implications if animals could talk?
- Example: What would happen if the world's deserts suddenly turned into forests?Let's think step by step.

| Dimension       | What to Look For                                                                   | 1                              | 3                                    | 5                                                                                                              |
| --------------- | ---------------------------------------------------------------------------------- | ------------------------------ | ------------------------------------ | -------------------------------------------------------------------------------------------------------------- |
| **Fluency**     | Number of consequences                                                             | 1–2                            | 6–8                                  | ≥12 distinct effects                                                                                           |
| **Flexibility** | Diversity of domains (social, ecological, economic, legal, technological, moral …) | 1–2 domains                    | 3–4                                  | ≥6 domains                                                                                                     |
| **Originality** | Novelty of consequences                                                            | generic (“laws against noise”) | some less-common links               | multiple specific and unexpected but plausible chains (“AI translation obsolete because parrots become spies”) |
| **Elaboration** | Causal depth and mechanism                                                         | statement only                 | “because→therefore” chain or example | layered reasoning with second-order effects or quantitative hint                                               |
"
What would happen if the speed of light was reduced by half?Let's think step by step.,"Great question! Changing the speed of light, **c**, is a fascinating thought experiment because so much of modern physics—and our universe—depends on it. Let’s go through it step by step:

---

### 1. **Fundamental Constants Change**

- The speed of light, **c**, is used in many fundamental equations:
  - **E = mc²** (energy-mass equivalence)
  - **Maxwell’s Equations** for electromagnetism (light’s speed arises from these)
  - **Special and General Relativity**
- If **c** is halved, many of these relationships change.

---

### 2. **Electromagnetic Phenomena**

- The speed of light depends on the permittivity (ε₀) and permeability (μ₀) of free space:
  - \( c = 1/\sqrt{\epsilon_0 \mu_0} \)
- Halving **c** means at least one (or both) of these constants would change, affecting all electromagnetism.

---

### 3. **Mass-Energy Relationship**

- **E = mc²**: If **c** is halved, the energy equivalent of a given mass reduces to 1/4 (since (½c)² = c²/4).
  - Nuclear and chemical processes release less energy.
  - Our sun would be dimmer or require more mass to shine as it does.
  - Radioactive decay would release less energy.

---

### 4. **Relativistic Effects**

- **Relativity**: Many relativistic effects depend on **c**.
  - The Lorentz factor (\( \gamma = 1/\sqrt{1-v^2/c^2} \)) would kick in at much lower speeds—relativistic effects would be apparent at ordinary earthly speeds.
  - Time dilation, length contraction, and increase of mass with speed would become much more pronounced.

---

### 5. **Atomic Structure and Chemistry**

- The fine-structure constant (\( \alpha \approx 1/137 \)) depends on the speed of light.
  - It affects how electrons orbit in atoms.
  - Changes in **c** would shift atomic energy levels, possibly altering the stability of atoms and chemistry.
  - Chemistry might not work as we know it; perhaps even life couldn’t exist as it does.

---

### 6. **Gravity and Black Holes**

- **Schwarzschild radius** (\( r_s = 2GM","- Definition: This task focuses on the ability to foresee consequences or outcomes of an unusual or hypothetical situation. For example, what would be the implications if animals could talk?
- Example: What would happen if the world's deserts suddenly turned into forests?Let's think step by step.

| Dimension       | What to Look For                                                                   | 1                              | 3                                    | 5                                                                                                              |
| --------------- | ---------------------------------------------------------------------------------- | ------------------------------ | ------------------------------------ | -------------------------------------------------------------------------------------------------------------- |
| **Fluency**     | Number of consequences                                                             | 1–2                            | 6–8                                  | ≥12 distinct effects                                                                                           |
| **Flexibility** | Diversity of domains (social, ecological, economic, legal, technological, moral …) | 1–2 domains                    | 3–4                                  | ≥6 domains                                                                                                     |
| **Originality** | Novelty of consequences                                                            | generic (“laws against noise”) | some less-common links               | multiple specific and unexpected but plausible chains (“AI translation obsolete because parrots become spies”) |
| **Elaboration** | Causal depth and mechanism                                                         | statement only                 | “because→therefore” chain or example | layered reasoning with second-order effects or quantitative hint                                               |
"
"Creativity Improvement Task. You'll be presented with a object, and your task is to suggest as many ways as you can think of to improve the object. Let's think step by step. Here's the object: Shopping Cart","Absolutely! Let’s break this down and brainstorm as many ways as possible to improve the humble **shopping cart**. We’ll consider functionality, user experience, technology, safety, environmental impact, accessibility, and more.

---

### 1. **Functionality Improvements**
- **Collapsible or Folding Design:** Make carts easier to store or transport in cars.
- **Multiple Levels/Shelves:** Add adjustable shelves for separating fragile, hot, or cold items.
- **Built-in Cup Holder/Bag Hooks:** For beverages, bags, or purses.
- **Child Seat Improvements:** Add better cushioning, safety straps, and toys for kids.
- **Extendable/Stackable Size:** Cart can expand or contract depending on trip size.
- **Smooth, Omnidirectional Wheels:** All wheels swivel for easier navigation.
- **Retractable Dividers:** Separate compartments to block cross-contamination (raw meats, produce, etc.)

---

### 2. **Technology Integration**
- **Self-Checkout Scanner:** Built-in scanner and payment terminal for on-the-go checkout.
- **Shelf-Finding GPS/Map Display:** Digital maps showing product locations and discounts.
- **Smartphone Dock/Charger:** Mount and charge your phone for shopping lists.
- **RFID Readers:** Auto-scan items placed in cart, speeding up checkout.
- **Voice Assistant Integration:** Voice-activated directions, reminders, or recipes.
- **Digital Price Screen:** Track spending in real-time and monitor deals.
- **Augmented Reality Display:** Suggest related items or healthier alternatives.

---

### 3. **User Experience Enhancements**
- **Ergonomic Handle:** Adjustable handle height and grip for comfort.
- **Cup and Snack Tray:** For in-store snacking, especially helpful for parents with kids.
- **Umbrella/Sunshade Attachment:** Weather protection for shoppers.
- **Easy-to-Clean Surfaces:** Antimicrobial, easy-wipe materials.
- **Quieter Wheels:** Silent operation for a calmer environment.

---

### 4. **Safety Upgrades**
- **Anti-Germ Features:** UV sanitation lights or antimicrobial handles.
- **Anti-Theft Tracking:** Cart returns if leaving designated areas.
- **Lockable Wheels:** Prevents runaway carts in parking lots.
- **Reflective Tape/Lights:** Visibility in dim parking lots.

---

### 5. **Environmental/Operational Improvements**
- **Made from Recycled Materials:** Sustainable construction.
- **Solar Panels for Power:** Powering electronic features or phone charging.
- **Self-Cleaning","- Definition: Improvement. This task focuses on assessing an individual′s ability to enhance or modify existing objects or ideas. The given object is similar to the unusual uses task.
- Example: Creativity Improvement Task. You'll be presented with a object, and your task is to suggest as many ways as you can think of to improve the object. Let's think step by step. Here's the object: Shopping Cart


| Dimension       | What to Look For                                                                        | 1                | 3                                         | 5                                                                                         |
| --------------- | --------------------------------------------------------------------------------------- | ---------------- | ----------------------------------------- | ----------------------------------------------------------------------------------------- |
| **Fluency**     | Number of improvement ideas                                                             | 1–2              | 5–7                                       | ≥12                                                                                       |
| **Flexibility** | Variety of improvement domains (material, ergonomic, aesthetic, systemic, ecological …) | 1–2              | 3–4                                       | ≥6                                                                                        |
| **Originality** | Novelty of improvements                                                                 | incremental only | some creative features (“dual-loop clip”) | radical re-conceptualizations (“self-heating shape-memory clip that welds itself closed”) |
| **Elaboration** | Detail and function mechanism                                                           | names only       | basic “how it works”                      | technical mechanisms + materials + user context + trade-offs      "
