HITId,HITTypeId,Title,Description,Keywords,Reward,CreationTime,MaxAssignments,RequesterAnnotation,AssignmentDurationInSeconds,AutoApprovalDelayInSeconds,Expiration,NumberOfSimilarHITs,LifetimeInSeconds,AssignmentId,WorkerId,AssignmentStatus,AcceptTime,SubmitTime,AutoApprovalTime,ApprovalTime,RejectionTime,RequesterFeedback,WorkTimeInSeconds,LifetimeApprovalRate,Last30DaysApprovalRate,Last7DaysApprovalRate,Input.problem_id,Input.problem,Input.cleaned_references,Input.cleaned_response,Input.model,Input.image_in_problem,Answer.correctness.correct,Answer.correctness.incorrect,Answer.novelty.not_novel,Answer.novelty.novel,Answer.worker_feedbacks,Approve,Reject
3JU8CV4BS4SSANVKRMWOPQFMM2ZPOP,3PVEVXFK7RQE9D7C5N6S8H6HEAWDAJ,CreativityPrism - CreativeMath Part 2,Is this solution creative?,survey,$0.01 ,Sat Dec 13 13:13:28 PST 2025,3,BatchId:420109;OriginalHitTemplateId:921587278;,3600,259200,Sat Dec 20 13:13:28 PST 2025,,,304SM51WANK8R5KX511Y2VFDHFASBT,ASQIP0BTUIBHO,Submitted,Mon Dec 15 20:11:42 PST 2025,Mon Dec 15 20:13:31 PST 2025,Thu Dec 18 20:13:31 PST 2025,,,,109,100% (215/215),100% (73/73),100% (73/73),2002_AMC_12P_Problems_8,"Let \(AB\) be a segment of length \(26\), and let points \(C\) and \(D\) be located on \(AB\) such that \(AC=1\) and \(AD=8\). Let \(E\) and \(F\) be points on one of the semicircles with diameter \(AB\) for which \(EC\) and \(FD\) are perpendicular to \(AB\). Find \(EF.\)
\(\text{(A) }5 \qquad \text{(B) }5 \sqrt{2}  \qquad \text{(C) }7 \qquad \text{(D) }7 \sqrt{2} \qquad \text{(E) }12\)","Solution 1. We can solve this with some simple coordinate geometry. Let \(A\) be the origin at let \(AB\) be located on the positive \(x-\)axis. The equation of semi-circle \(AB\) is \((x-13)^2+y^2=13^2, y \geq 0.\) Since \(E\) and \(F\) are both perpendicular to \(C\) and \(D\) respectively, they must have the same \(x -\) coordinate. Plugging in \(1\) and \(8\) into our semi-circle equation gives us \(y=5\) and \(y=12\) respectively. The distance formula on \((1, 5)\) and \((8, 12)\) gives us our answer of \(\sqrt{(1-8)^2 + (5-12)^2}=\sqrt{2(7^2)}=\boxed{\textbf{(D) } 7\sqrt{2}}.\)","To solve the problem using the **Power of a Point theorem**, follow these steps:

1. **Power of a Point**: For a point outside a circle, the square of the tangent length equals the product of the distances from the point to the circle's intersection points with a secant line. Here, points \( C \) and \( D \) lie on diameter \( AB \), and \( EC \), \( FD \) are perpendicular to \( AB \). Since \( E \) and \( F \) are on the semicircle, the Power of a Point theorem applies:
   \(
   EC^2 = AC \cdot CB \quad \text{and} \quad FD^2 = AD \cdot DB.
   \)

2. **Calculate \( EC \) and \( FD \)**:
   - For \( C \): \( AC = 1 \), \( CB = AB - AC = 26 - 1 = 25 \).
     \(
     EC^2 = 1 \cdot 25 = 25 \implies EC = 5.
     \)
   - For \( D \): \( AD = 8 \), \( DB = AB - AD = 26 - 8 = 18 \).
     \(
     FD^2 = 8 \cdot 18 = 144 \implies FD = 12.
     \)

3. **Coordinates of \( E \) and \( F \)**:
   - \( E \) is vertically above \( C \), so \( E = (1, 5) \).
   - \( F \) is vertically above \( D \), so \( F = (8, 12) \).

4. **Distance \( EF \)**:
   Use the distance formula:
   \(
   EF = \sqrt{(8 - 1)^2 + (12 - 5)^2} = \sqrt{49 + 49} = \sqrt{98} = 7\sqrt{2}.
   \)

**Answer:** \(\boxed{D}\)",deepseek-reasoner,,TRUE,FALSE,FALSE,TRUE,,,
39WICJI5BC8X2244VXAYSLJP1AAZ3P,3PVEVXFK7RQE9D7C5N6S8H6HEAWDAJ,CreativityPrism - CreativeMath Part 2,Is this solution creative?,survey,$0.01 ,Sat Dec 13 13:13:28 PST 2025,3,BatchId:420109;OriginalHitTemplateId:921587278;,3600,259200,Sat Dec 20 13:13:28 PST 2025,,,3QIYRE09YNXAYUA0V8RNXPSY84BN1T,ASQIP0BTUIBHO,Submitted,Sun Dec 14 20:56:43 PST 2025,Sun Dec 14 21:27:14 PST 2025,Wed Dec 17 21:27:14 PST 2025,,,,1831,100% (215/215),100% (73/73),100% (73/73),1998_AIME_Problems_13,"If \(\{a_1,a_2,a_3,\ldots,a_n\}\) is a set of real numbers, indexed so that \(a_1 < a_2 < a_3 < \cdots < a_n,\) its complex power sum is defined to be \(a_1i + a_2i^2+ a_3i^3 + \cdots + a_ni^n,\) where \(i^2 = - 1.\)  Let \(S_n\) be the sum of the complex power sums of all nonempty subsets of \(\{1,2,\ldots,n\}.\)  Given that \(S_8 = - 176 - 64i\) and \(S_9 = p + qi,\) where \(p\) and \(q\) are integers, find \(|p| + |q|.\)","Solution 1. We note that the number of subsets (for now, including the empty subset, which we will just define to have a power sum of zero) with \(9\) in it is equal to the number of subsets without a \(9\). To easily see this, take all possible subsets of \(\{1,2,\ldots,8\}\). Since the sets are ordered, a \(9\) must go at the end; hence we can just append a \(9\) to any of those subsets to get a new one. 
Now that we have drawn that bijection, we can calculate the complex power sum recursively. Since appending a \(9\) to a subset doesn't change anything about that subset's complex power sum besides adding an additional term, we have that \(S_9 = 2S_8 + T_9\), where \(T_9\) refers to the sum of all of the \(9i^x\). 
It a subset of size 1 has a 9, then its power sum must be \(9i\), and there is only \(1\) of these such subsets. There are \({8\choose1}\) with \(9\cdot i^2\), \({8\choose2}\) with \(9\cdot i^3\), and so forth. So \(T_9 =\sum_{k=0}^{8} 9{8\choose{k}}i^{k+1}\). This is exactly the binomial expansion of \(9i \cdot (1+i)^8\). We can use De Moivre's Theorem to calculate the power: \((\sqrt{2})^8\cos{8\cdot45} = 16\). Hence \(T_9 = 16\cdot9i = 144i\), and \(S_9 = 2S_8 + 144i = 2(-176 -64i) + 144i = -352 + 16i\). Thus, \(|p| + |q| = |-352| + |16| = 368\).","To solve for \( S_9 \) given \( S_8 = -176 - 64i \), we use a linear recurrence approach with particular solutions derived from the structure of the problem.

1. **Recurrence Relation:**
   The sum \( S_n \) follows the recurrence:
   \(
   S_n = 2S_{n-1} + T_n
   \)
   where \( T_n = n \cdot i \cdot (1 + i)^{n-1} \).

2. **General Solution:**
   Solving the nonhomogeneous linear recurrence, we find the homogeneous solution \( S_n^{(h)} = C \cdot 2^n \) and a particular solution of the form \( S_n^{(p)} = (A n + B)(1 + i)^n \).

3. **Determining Constants:**
   Using initial conditions (e.g., \( S_1 = i \)), we find constants \( A = \frac{1 - i}{2} \), \( B = 1 \), and \( C = -1 \). The general solution is:
   \(
   S_n = -2^n + \left( \frac{(1 - i)}{2}n + 1 \right)(1 + i)^n
   \)

4. **Compute \( S_8 \):**
   Substituting \( n = 8 \):
   \(
   S_8 = -2^8 + \left( \frac{(1 - i)}{2} \cdot 8 + 1 \right)(1 + i)^8 = -256 + (5 - 4i) \cdot 16 = -176 - 64i
   \)
   This matches the given \( S_8 \).

5. **Compute \( S_9 \):**
   Substitute \( n = 9 \):
   \(
   S_9 = -2^9 + \left( \frac{(1 - i)}{2} \cdot 9 + 1 \right)(1 + i)^9
   \)
   Calculate components:
   \(
   \frac{(1 - i)}{2} \cdot 9 = \frac{9}{2}(1 - i), \quad \text{add 1: } \frac{9}{2}(1 - i) + 1 = \frac{11}{2} - \frac{9}{2}i
   \)
   Multiply by \( (1 + i)^9 = 16(1 + i) \):
   \(
   \left( \frac{11}{2} - \frac{9}{2}i \right)(16 + 16i) = 160 + 16i
   \)
   Thus:
   \(
   S_9 = -512 + 160 + 16i = -352 + 16i
   \)

6. **Final Answer:**
   Compute \( |p| + |q| = |-352| + |16| = 352 + 16 = 368 \).",deepseek-reasoner,,TRUE,FALSE,FALSE,TRUE,,,
306996CF7F05A1N92FGCIAXPCNB1BU,3PVEVXFK7RQE9D7C5N6S8H6HEAWDAJ,CreativityPrism - CreativeMath Part 2,Is this solution creative?,survey,$0.01 ,Sat Dec 13 13:13:28 PST 2025,3,BatchId:420109;OriginalHitTemplateId:921587278;,3600,259200,Sat Dec 20 13:13:28 PST 2025,,,39LNWE0K4ECYTQQ70GOF3J1EX2FIU8,ASQIP0BTUIBHO,Submitted,Mon Dec 15 20:09:55 PST 2025,Mon Dec 15 20:11:38 PST 2025,Thu Dec 18 20:11:38 PST 2025,,,,103,100% (215/215),100% (73/73),100% (73/73),2002_AMC_12A_Problems_21,"Consider the sequence of numbers: \(4,7,1,8,9,7,6,\dots\) For \(n>2\), the \(n\)-th term of the sequence is the units digit of the sum of the two previous terms. Let \(S_n\) denote the sum of the first \(n\) terms of this sequence. The smallest value of \(n\) for which \(S_n>10,000\) is: 
\(\text{(A) }1992 \qquad \text{(B) }1999 \qquad \text{(C) }2001 \qquad \text{(D) }2002 \qquad \text{(E) }2004\)","Solution 1. The sequence is infinite. As there are only \(100\) pairs of digits, sooner or later a pair of consecutive digits will occur for the second time. As each next digit only depends on the previous two, from this point on the sequence will be periodic.
(Additionally, as every two consecutive digits uniquely determine the previous one as well, the first pair of digits that will occur twice must be the first pair \(4,7\).)
Hence it is a good idea to find the period. Writing down more terms of the sequence, we get:
\(4,7,1,8,9,7,6,3,9,2,1,3,4,7,\dots\)
and we found the period. The length of the period is \(12\), and its sum is \(4+7+\cdots+1+3 = 60\). Hence for each \(k\) we have \(S_{12k} = 60k\).
We have \(\lfloor 10000/60 \rfloor = 166\) and \(166\cdot 12 = 1992\), therefore \(S_{1992} = 60\cdot 166 = 9960\).
The rest can now be computed by hand, we get \(S_{1998} = 9960+4+7+1+8+9+7= 9996\), and \(S_{1999}=9996 + 6 = 10002\), thus the answer is \(\boxed{\text{(B) }1999}\).","To determine the smallest \( n \) such that \( S_n > 10,000 \), we analyze the sequence's periodicity and leverage modular arithmetic:

1. **Identify Periodicity**:  
   The sequence is generated by taking the units digit of the sum of the two preceding terms. Since there are only 100 possible pairs of consecutive digits, the sequence must eventually repeat. By computing terms, we observe that the sequence becomes periodic with period 12:  
   \(
   4, 7, 1, 8, 9, 7, 6, 3, 9, 2, 1, 3, \dots
   \)  
   The sum of one full period is \( 4 + 7 + 1 + 8 + 9 + 7 + 6 + 3 + 9 + 2 + 1 + 3 = 60 \).

2. **Compute Full Periods Needed**:  
   Divide \( 10,000 \) by the period sum to find the number of full periods required:  
   \(
   \left\lfloor \frac{10,000}{60} \right\rfloor = 166 \quad \text{(full periods)}.
   \)  
   This corresponds to \( 166 \times 12 = 1992 \) terms, giving \( S_{1992} = 166 \times 60 = 9960 \).

3. **Residual Sum Requirement**:  
   After 1992 terms, the residual sum needed is \( 10,000 - 9960 = 40 \). We now compute how many additional terms from the next period are required to exceed 40. The next terms in the period are:  
   \(
   4, 7, 1, 8, 9, 7, 6, \dots
   \)  
   Cumulative sums:  
   \(
   4,\ 11,\ 12,\ 20,\ 29,\ 36,\ 42,\ \dots
   \)  
   After \( 7 \) terms, the cumulative sum is \( 42 \), which exceeds \( 40 \).

4. **Final Calculation**:  
   Adding these \( 7 \) terms to \( 1992 \), we get \( n = 1992 + 7 = 1999 \). Verify:  
   \(
   S_{1999} = 9960 + 4 + 7 + 1 + 8 + 9 + 7 + 6 = 10,002 > 10,000.
   \)

Thus, the smallest \( n \) is \(\boxed{\text{(B) }1999}\).",deepseek-reasoner,,TRUE,FALSE,TRUE,FALSE,,,
38XPGNCKICG1BEIYUEQEHKYZRZ0V46,3PVEVXFK7RQE9D7C5N6S8H6HEAWDAJ,CreativityPrism - CreativeMath Part 2,Is this solution creative?,survey,$0.01 ,Sat Dec 13 13:13:29 PST 2025,3,BatchId:420109;OriginalHitTemplateId:921587278;,3600,259200,Sat Dec 20 13:13:29 PST 2025,,,3U5NZHP4LBIL5Q7RDC70T1D0P88PHQ,ASQIP0BTUIBHO,Submitted,Sun Dec 14 20:50:38 PST 2025,Sun Dec 14 20:53:35 PST 2025,Wed Dec 17 20:53:35 PST 2025,,,,177,100% (215/215),100% (73/73),100% (73/73),1999_AMC_8_Problems_8,"Six squares are colored, front and back, (R = red, B = blue, O = orange, Y = yellow, G = green, and W = white). They are hinged together as shown, then folded to form a cube. The face opposite the white face is
[asy] draw((0,2)--(1,2)--(1,1)--(2,1)--(2,0)--(3,0)--(3,1)--(4,1)--(4,2)--(2,2)--(2,3)--(0,3)--cycle); draw((1,3)--(1,2)--(2,2)--(2,1)--(3,1)--(3,2)); label(""R"",(.5,2.3),N); label(""B"",(1.5,2.3),N); label(""G"",(1.5,1.3),N); label(""Y"",(2.5,1.3),N); label(""W"",(2.5,.3),N); label(""O"",(3.5,1.3),N); [/asy]
\(\text{(A)}\ \text{B} \qquad \text{(B)}\ \text{G} \qquad \text{(C)}\ \text{O} \qquad \text{(D)}\ \text{R} \qquad \text{(E)}\ \text{Y}\)","Solution 1. When G is arranged to be the base, B is the back face and W is
the front face. Thus, \(\boxed{\text{(A)}\ B}\) is opposite W.


<br><br>==========<br>
Solution 2. Let Y be the top and fold G, O, and W down.
Then \(\boxed{\text{(A)}\ B}\) will fold to become the back face and be
opposite W.","By analyzing adjacencies in the net:  
- The white face (W) is directly adjacent to yellow (Y) and orange (O).  
- The remaining colors (R, B, G) are candidates for the opposite face.  
- Green (G) is adjacent to Y in the net, so folding places G adjacent to W.  
- Red (R) is adjacent to B, and folding positions R such that it shares an edge with W.  
- Blue (B) is not adjacent to W in the net and remains non-adjacent after folding.  
Thus, the face opposite W is \(\boxed{\text{(A)}\ B}\).",deepseek-reasoner,,TRUE,FALSE,TRUE,FALSE,,,
3B0MCRZMCAAAVN7L6M93EQKCW7VPP6,3PVEVXFK7RQE9D7C5N6S8H6HEAWDAJ,CreativityPrism - CreativeMath Part 2,Is this solution creative?,survey,$0.01 ,Sat Dec 13 13:13:29 PST 2025,3,BatchId:420109;OriginalHitTemplateId:921587278;,3600,259200,Sat Dec 20 13:13:29 PST 2025,,,317HQ483IR8LY06Y3FCTPO9KP6MNIL,ASQIP0BTUIBHO,Submitted,Mon Dec 15 18:18:26 PST 2025,Mon Dec 15 18:44:36 PST 2025,Thu Dec 18 18:44:36 PST 2025,,,,1570,100% (215/215),100% (73/73),100% (73/73),2000_IMO_Problems_5,Does there exist a positive integer \(n\) such that \(n\) has exactly 2000 prime divisors and \(n\) divides \(2^n + 1\)?,"Solution 1. Let \(N=2^n+1\). We will assume for the sake of contradiction that \(n|N\).
\(2^n+1 \equiv 0 \pmod{n} \Rightarrow 2^n \equiv -1 \pmod{n}\). So 2 does not divide \(n\), and so \(n\) is odd.
Select an arbitrary prime factor of \(n\) and call it \(p\). Let's represent \(n\) in the form \(p^am\), where \(m\) is not divisible by \(p\).
Note that \(p\) and \(m\) are both odd since \(n\) is odd. By repeated applications of Fermat's Little Theorem:
\(N = 2^n+1 = 2^{p^am} + 1 = (2^{p^{a-1}m})^p + 1 \equiv 2^{p^{a-1}m} + 1\) (mod \(p\))
Continuing in this manner, and inducting on k from 1 to \(a\),
\(2^{p^{a-k}m}+1 \equiv (2^{p^{a-k-1}m})^p + 1\) (mod \(p\)) \(\equiv 2^{p^{a-k-1}m} + 1\) (mod \(p\))
So we have \(N \equiv 2^m+1\) (mod \(p\))
Since \(p\) is relatively prime to \(m\), \(N \equiv 1+1\) (mod \(p\)) \(\equiv 2\) (mod \(p\))
Since \(p\) is odd, \(N\) is not divisible by \(p\). Hence \(N\) is not divisible by \(n\). So we have a contradiction, and our original assumption was false, and therefore \(N\) is still not divisible by \(n\).","We aim to show no positive integer \( n \) with exactly 2000 distinct prime divisors can satisfy \( n \mid 2^n + 1 \). 

**Step 1:** Assume such an \( n \) exists. For every prime \( p \mid n \), \( 2^n \equiv -1 \pmod{p} \). Squaring both sides:  
\( 2^{2n} \equiv 1 \pmod{p}. \)  
Thus, the multiplicative order \( \text{ord}_p(2) \) divides \( 2n \) but not \( n \), forcing \( \text{ord}_p(2) = 2d \) where \( d \mid n \).

**Step 2:** By Fermat’s Little Theorem, \( \text{ord}_p(2) \mid p-1 \). Hence, \( 2d \mid p-1 \), implying \( p \equiv 1 \pmod{2d} \). Since \( d \mid n \), \( d \) is a product of primes dividing \( n \).

**Step 3:** Let \( p \) be the smallest prime divisor of \( n \). Then \( p \equiv 1 \pmod{2d} \), where \( d \) is a divisor of \( n \). As \( d \mid n \), \( d \) is a product of primes \( \geq p \). The smallest possible \( d \geq 1 \), so \( 2d \geq 2 \). Hence:  
\( p \equiv 1 \pmod{2} \implies p \text{ is odd}, \)  
which holds trivially. To refine, consider \( d \geq 1 \). If \( d = 1 \), then \( p \equiv 1 \pmod{2} \), which is redundant. For \( d \geq p \), since \( d \) contains primes \( \geq p \), \( 2d \geq 2p \). Thus:  
\( p \equiv 1 \pmod{2d} \implies p \geq 2d + 1 \geq 2p + 1, \)  
which is impossible unless \( p \leq -1 \), a contradiction. Hence, no such \( p \) exists.

**Conclusion:** The assumption leads to a contradiction. Therefore, no \( n \) with 2000 distinct prime divisors can divide \( 2^n + 1 \).",deepseek-reasoner,,TRUE,FALSE,TRUE,FALSE,editted,,
37VUR2VJ7T5OK6FFGFC7TU37U8B1C1,3PVEVXFK7RQE9D7C5N6S8H6HEAWDAJ,CreativityPrism - CreativeMath Part 2,Is this solution creative?,survey,$0.01 ,Sat Dec 13 13:13:29 PST 2025,3,BatchId:420109;OriginalHitTemplateId:921587278;,3600,259200,Sat Dec 20 13:13:29 PST 2025,,,3FQ5JJ51254C4VWM3IX524OXHABNKW,ASQIP0BTUIBHO,Submitted,Mon Dec 15 19:05:18 PST 2025,Mon Dec 15 19:07:07 PST 2025,Thu Dec 18 19:07:07 PST 2025,,,,109,100% (215/215),100% (73/73),100% (73/73),2016_AMC_10A_Problems_16,"A triangle with vertices \(A(0, 2)\), \(B(-3, 2)\), and \(C(-3, 0)\) is reflected about the \(x\)-axis, then the image \(\triangle A'B'C'\) is rotated counterclockwise about the origin by \(90^{\circ}\) to produce \(\triangle A''B''C''\). Which of the following transformations will return \(\triangle A''B''C''\) to \(\triangle ABC\)?
\(\textbf{(A)}\) counterclockwise rotation about the origin by \(90^{\circ}\). 
\(\textbf{(B)}\) clockwise rotation about the origin by \(90^{\circ}\). 
\(\textbf{(C)}\) reflection about the \(x\)-axis 
\(\textbf{(D)}\) reflection about the line \(y = x\)
\(\textbf{(E)}\) reflection about the \(y\)-axis.","Solution 1. Consider a point \((x, y)\). Reflecting it about the \(x\)-axis will map it to \((x, -y)\), and rotating it counterclockwise about the origin by \(90^{\circ}\) will map it to \((y, x)\). The operation that undoes this is a reflection about the \(y = x\), so the answer is \(\boxed{\textbf{(D)}}\).","To solve the problem, we reverse the sequence of transformations step-by-step using inverse operations. 

1. **Original Transformations**: First a reflection over the \( x \)-axis, then a \( 90^\circ \) counterclockwise (CCW) rotation.
2. **Inverse Transformations**: To undo these, reverse the order and apply inverses:
   - **Undo the rotation**: A \( 90^\circ \) clockwise (CW) rotation (inverse of CCW).
   - **Undo the reflection**: Reflect over the \( x \)-axis again.

   Applying these inverses sequentially:
   - For any point \((x, y)\), rotating \( 90^\circ \) CW maps it to \((y, -x)\).
   - Reflecting over the \( x \)-axis then maps it to \((y, x)\).

3. **Equivalent Single Transformation**: The composition of a \( 90^\circ \) CW rotation followed by an \( x \)-axis reflection is equivalent to a reflection over the line \( y = x \). This single transformation maps:
   - \( A''(2, 0) \to A(0, 2) \)
   - \( B''(2, -3) \to B(-3, 2) \)
   - \( C''(0, -3) \to C(-3, 0) \)

Thus, the required transformation is \(\boxed{\textbf{(D)}}\) (reflection about \( y = x \)).",deepseek-reasoner,,TRUE,FALSE,TRUE,FALSE,,,
30P8I9JKP11J7XMY8J9OMC4DRVVV5B,3PVEVXFK7RQE9D7C5N6S8H6HEAWDAJ,CreativityPrism - CreativeMath Part 2,Is this solution creative?,survey,$0.01 ,Sat Dec 13 13:13:29 PST 2025,3,BatchId:420109;OriginalHitTemplateId:921587278;,3600,259200,Sat Dec 20 13:13:29 PST 2025,,,337RC3OW0PI0W6NDQ9VXRLVPSDILVE,ASQIP0BTUIBHO,Submitted,Mon Dec 15 16:06:49 PST 2025,Mon Dec 15 16:09:55 PST 2025,Thu Dec 18 16:09:55 PST 2025,,,,186,100% (215/215),100% (73/73),100% (73/73),2001_AMC_12_Problems_25,"Consider sequences of positive real numbers of the form \(x, 2000, y, \dots\) in which every term after the first is 1 less than the product of its two immediate neighbors. For how many different values of \(x\) does the term \(2001\) appear somewhere in the sequence?
\(\text{(A) }1 \qquad \text{(B) }2 \qquad \text{(C) }3 \qquad \text{(D) }4 \qquad \text{(E) more than }4\)","Solution 1. It never hurts to compute a few terms of the sequence in order to get a feel how it looks like. In our case, the definition is that \(\forall\) (for all) \(n>1:~ a_n = a_{n-1}a_{n+1} - 1\). This can be rewritten as \(a_{n+1} = \frac{a_n +1}{a_{n-1}}\). We have \(a_1=x\) and \(a_2=2000\), and we compute:
\begin{align*} a_3  & = \frac{a_2+1}{a_1} = \frac{2001}x \\ a_4  & = \frac{a_3+1}{a_2} = \frac{ \dfrac{2001}x + 1 }{ 2000 } = \frac{2001 + x}{2000x} \\ a_5 & = \frac{a_4+1}{a_3} = \frac{ \frac{2001 + x}{2000x} + 1 }{ \frac{2001}x } = \frac{ \frac{2001 + 2001x}{2000x} }{ \frac{2001}x } = \frac{1+x}{2000} \\ a_6 & = \frac{a_5+1}{a_4} = \frac{ \frac{1+x}{2000} + 1 }{ \frac{2001 + x}{2000x} } =  \frac{ \frac{2001+x}{2000} }{ \frac{2001 + x}{2000x} } = x \\ a_7 & = \frac{a_6+1}{a_5} = \frac{ x+1 }{ \frac{1+x}{2000} } = 2000 \end{align*}
At this point we see that the sequence will become periodic: we have \(a_6=a_1\), \(a_7=a_2\), and each subsequent term is uniquely determined by the previous two.
Hence if \(2001\) appears, it has to be one of \(a_1\) to \(a_5\). As \(a_2=2000\), we only have four possibilities left. Clearly \(a_1=2001\) for \(x=2001\), and \(a_3=2001\) for \(x=1\). The equation \(a_4=2001\) solves to \(x = \frac{2001}{2000\cdot 2001 - 1}\), and the equation \(a_5=2001\) to \(x=2000\cdot 2001 - 1\).
No two values of \(x\) we just computed are equal, and therefore there are \(\boxed{4}\) different values of \(x\) for which the sequence contains the value \(2001\).","We analyze the recurrence relation directly to establish periodicity and then determine the valid values of \( x \).

1. **Recurrence Relation and Periodicity:**
   The sequence satisfies \( a_{n+1} = \frac{a_n + 1}{a_{n-1}} \). Starting with \( a_1 = x \) and \( a_2 = 2000 \), we observe that the transformation \( T(a, b) = \left(b, \frac{b + 1}{a}\right) \) generates subsequent terms. Applying \( T \) iteratively:
   \(
   \begin{aligned}
   T(x, 2000) &= \left(2000, \frac{2001}{x}\right), \\
   T\left(2000, \frac{2001}{x}\right) &= \left(\frac{2001}{x}, \frac{2001 + x}{2000x}\right), \\
   T\left(\frac{2001}{x}, \frac{2001 + x}{2000x}\right) &= \left(\frac{2001 + x}{2000x}, \frac{1 + x}{2000}\right), \\
   T\left(\frac{2001 + x}{2000x}, \frac{1 + x}{2000}\right) &= \left(\frac{1 + x}{2000}, x\right), \\
   T\left(\frac{1 + x}{2000}, x\right) &= \left(x, 2000\right).
   \end{aligned}
   \)
   After five transformations, the sequence repeats, confirming a period of 5.

2. **Identifying Positions for 2001:**
   Since the sequence is periodic with period 5, \( 2001 \) must appear in \( a_1, a_3, a_4, \) or \( a_5 \) (as \( a_2 = 2000 \) is fixed). For each position:
   - **\( a_1 = x \):** \( x = 2001 \).
   - **\( a_3 = \frac{2001}{x} \):** \( \frac{2001}{x} = 2001 \Rightarrow x = 1 \).
   - **\( a_4 = \frac{2001 + x}{2000x} \):** Solve \( \frac{2001 + x}{2000x} = 2001 \Rightarrow x = \frac{2001}{2000 \cdot 2001 - 1} \).
   - **\( a_5 = \frac{1 + x}{2000} \):** Solve \( \frac{1 + x}{2000} = 2001 \Rightarrow x = 2000 \cdot 2001 - 1 \).

3. **Distinct Solutions:**
   The four solutions are:
   \(
   x = 2001,\quad x = 1,\quad x = \frac{2001}{4001999},\quad x = 4001999.
   \)
   All values are distinct, yielding \(\boxed{4}\) valid values for \( x \).",deepseek-reasoner,,TRUE,FALSE,FALSE,TRUE,boarderline,,
3HEM8MA6ISSVVZ806ZOSEVAM13HPQX,3PVEVXFK7RQE9D7C5N6S8H6HEAWDAJ,CreativityPrism - CreativeMath Part 2,Is this solution creative?,survey,$0.01 ,Sat Dec 13 13:13:29 PST 2025,3,BatchId:420109;OriginalHitTemplateId:921587278;,3600,259200,Sat Dec 20 13:13:29 PST 2025,,,37QW5D2ZR02PP7MQ2PHOBTPC99PS8U,ASQIP0BTUIBHO,Submitted,Mon Dec 15 19:43:42 PST 2025,Mon Dec 15 19:50:44 PST 2025,Thu Dec 18 19:50:44 PST 2025,,,,422,100% (215/215),100% (73/73),100% (73/73),2023_AMC_12A_Problems_23,"How many ordered pairs of positive real numbers \((a,b)\) satisfy the equation
\((1+2a)(2+2b)(2a+b) = 32ab?\)
\(\textbf{(A) }0\qquad\textbf{(B) }1\qquad\textbf{(C) }2\qquad\textbf{(D) }3\qquad\textbf{(E) }\text{an infinite number}\)","Solution 1. Using AM-GM on the two terms in each factor on the left, we get
\((1+2a)(2+2b)(2a+b) \ge 8\sqrt{2a \cdot 4b \cdot 2ab}= 32ab,\)
meaning the equality condition must be satisfied. This means \(1 = 2a = b\), so we only have \(\boxed{1}\) solution.","To solve the problem using substitution and quadratic analysis, we start by letting \( u = 2a \) and \( v = b \). Substituting into the original equation:

\(
(1 + u)(2 + 2v)(u + v) = 32ab = 16uv.
\)

Simplifying, we divide by 2:

\(
(1 + u)(1 + v)(u + v) = 8uv.
\)

Expanding and rearranging terms, we analyze the quadratic in \( u \) and \( v \). By setting \( u = v \), we test symmetry and solve:

\(
(1 + u)^2(2u) = 8u^2 \implies (1 + u)^2 = 4u \implies u = 1.
\)

This gives \( a = 0.5 \) and \( b = 1 \).",deepseek-reasoner,,FALSE,TRUE,TRUE,FALSE,,,
3YOAVL4CBJXIKYN8VBFH2QBVFA6Z4A,3PVEVXFK7RQE9D7C5N6S8H6HEAWDAJ,CreativityPrism - CreativeMath Part 2,Is this solution creative?,survey,$0.01 ,Sat Dec 13 13:13:29 PST 2025,3,BatchId:420109;OriginalHitTemplateId:921587278;,3600,259200,Sat Dec 20 13:13:29 PST 2025,,,31LM9EDVO58HTBQ4LXXT1POK2LBNJX,ASQIP0BTUIBHO,Submitted,Mon Dec 15 18:52:02 PST 2025,Mon Dec 15 19:05:15 PST 2025,Thu Dec 18 19:05:15 PST 2025,,,,793,100% (215/215),100% (73/73),100% (73/73),2024_USAJMO_Problems_4,"Let \(n \ge 3\) be an integer. Rowan and Colin play a game on an \(n \times n\) grid of squares, where each square is colored either red or blue. Rowan is allowed to permute the rows of the grid, and Colin is allowed to permute the columns of the grid. A grid coloring is \(orderly\) if:
1. no matter how Rowan permutes the rows of the coloring, Colin can then permute the columns to restore the original grid coloring; and
2. no matter how Colin permutes the column of the coloring, Rowan can then permute the rows to restore the original grid coloring;
In terms of \(n\), how many orderly colorings are there?","Solution 1. We focus on the leftmost column for simplicity. Let \(m\) be the number of red squares in this column. We then have five cases:

1. \(m=1\)
When Rowan permutes the rows of the coloring, we consider only the first column, which by the above contains \(m=1\) red colors, so there are \({n \choose 1}=n\) ways to permute the first column’s rows. Thus every other column will have to contain one different permutation of the first column; otherwise, there will be at least one permutation of which there is no corresponding column.

Furthermore, each permutation will be different, so each row will contain one and only one red square, which also fulfills the case of if Colin permutes the coloring first. Thus there are \(n\cdot (n-1)\cdot(n-2)\cdot\cdot\cdot2\cdot1=n!\) different colorings for this case (the same as choosing squares such as no square is in the same row or column as any other square).

2. \(m=n-1\)
This is essentially the same as case 1 except for the coloring; now there is one blue square and the rest are red squares. Thus there are also \(n!\) different colorings for this case.

3. \(m=0\)
Since we have an entirely blue column, we are unable to have a column with \(1\) red square only as doing so would leave one permutation that is not covered by at least one column (that space is being taken for the blank column). We are also unable to have a completely blue column as doing so would allow for Colin to shift the columns and in doing so fail for Rowan to shift back the columns. We also cannot have a column with any other number of red squares other than \(0\) as will be shown below, so there is \(1\) case here in which the entire coloring is red.

4. \(m=n\)
This is the same is an entire blue column, and, similar to above, we have \(1\) coloring.

5. \(1<m<n-1\)
This is the final case and is equivalent to permuting for \({n \choose m}\) different ways. We must prove that this is greater than \(n\) to show that the columns are not able to contain every possible permutation of this column for all values of \(n\) such that \(n>3\) (when \(n=3\), there is no such positive integer \(m\) that satisfies the conditions). Note that if we have any column with a different number of red squares, it is an unattainable column and is thus not optimal.

Lemma: Given that \(m\) and \(n\) are positive integers such that \(1<m<n-1\) and \(n>3\), it is true for all \(m\) and \(n\) that \({n \choose m}>n\).
Proof: Assume that \(m<\frac{n-1}{2}\).
\(\Leftrightarrow\) \(m+1<n-m\)
\(\Leftrightarrow\) \((m+1)!(n-m-1)!<m!(n-m)!\)
\(\Leftrightarrow\) \(\frac{n!}{m!(n-m)!}<\frac{n!}{(m+1)!(n-m-1)!}\)
\(\Leftrightarrow\) \({n \choose m}<{n \choose m+1}\)
Similarly, we can prove that \({n \choose m}>{n \choose m+1}\) for \(m>\frac{n-1}{2}\).
Now we split our proof into two cases.
Case 1: \(n\) is even.
The largest integer less than \(\frac{n-1}{2}\) is \(\frac{n}{2}-1\), so we know that:
\({n \choose \frac{n}{2}}>{n \choose \frac{n}{2}-1}>\cdot\cdot\cdot>{n \choose 2}\)
by induction. On the other hand, the smallest integer greater than \(\frac{n-1}{2}\) is \(\frac{n}{2}\), so we know that:
\({n \choose \frac{n}{2}}>{n \choose \frac{n}{2}+1}>\cdot\cdot\cdot>{n \choose n-2}\)
also by induction. Thus out of the given range for \(m\) we know that \({n \choose 2}\) and \({n \choose n-2}\) are the minimum values, and all that is left is to prove that they are both greater than \(n\). Furthermore, since \({n \choose 2}={n \choose n-2}\), we only have to prove that \({n \choose 2}>n\).
We start with the given: \(n>3\)
\(\Leftrightarrow\) \(\frac{n-1}{2}>1\)
\(\Leftrightarrow\) \(\frac{n(n-1)}{2}>n\)
\(\Leftrightarrow\) \(\frac{n!}{2!(n-2)!}>n\)
\(\Leftrightarrow\) \({n \choose 2}>n\)
Thus we have proven the inequality for all even \(n\).
Case 2: \(n\) is odd.
The greatest integer less than \(\frac{n-1}{2}\) is \(\frac{n-3}{2}\), so we know that:
\({n \choose \frac{n-1}{2}}>{n \choose \frac{n-3}{2}}>\cdot\cdot\cdot>{n \choose 2}\)
by induction. On the other hand, the smallest integer greater than \(\frac{n-1}{2}\) is \(\frac{n+1}{2}\), so we know that:
\({n \choose \frac{n+1}{2}}>{n \choose \frac{n+3}{2}}>\cdot\cdot\cdot>{n \choose n-2}\)
also by induction. Since \({n \choose \frac{n+1}{2}}={n \choose \frac{n-1}{2}}\), we know that once again, \({n \choose n-2}={n \choose 2}\) is the minimum of the given range for \(m\), and the same proof applies. Thus, the inequality holds true for odd and in turn all positive integers \(n>3\).

As a result, due to our lemma, there are always more permutations of the columns than the number of columns itself, so there will always exist a permutation of the column such that there are no corresponding original columns of which to match with. Thus there are no solutions for this case.

In conclusion, there are a total of \(2\cdot n!+2\) different colorings for which the above apply.
","To determine the number of orderly colorings, we analyze the grid's structure under row and column permutations:

1. **Permutation Matrices and Their Complements:**
   - A *permutation matrix* has exactly one red square per row and column. Permuting rows (or columns) can be uniquely undone by permuting columns (or rows), satisfying the orderly conditions. There are \( n! \) such matrices.
   - The *complement* of a permutation matrix (one blue square per row/column) similarly allows restoration via permutations, yielding another \( n! \) colorings.

2. **Monochromatic Grids:**
   - If all squares are red (or blue), any permutation leaves the grid unchanged. Thus, trivial row/column permutations restore the grid, giving 2 additional orderly colorings.

3. **Excluding Non-Orderly Colorings:**
   - For grids not matching the above cases, there exist row or column permutations that cannot be undone. For example, a column with \( 1 < m < n-1 \) red squares lacks sufficient unique configurations to revert all permutations (via the pigeonhole principle), making such grids non-orderly.

The total number of orderly colorings is \( 2 \cdot n! + 2 \). This combines permutation matrices, their complements, and monochromatic grids, leveraging their inherent symmetries to satisfy the restoration conditions. 

The number of orderly colorings is \(\boxed{2n! + 2}\).",deepseek-reasoner,,TRUE,FALSE,FALSE,TRUE,,,
3Y40HMYLMKYSW1H89ZIEI9TE6NWXUY,3PVEVXFK7RQE9D7C5N6S8H6HEAWDAJ,CreativityPrism - CreativeMath Part 2,Is this solution creative?,survey,$0.01 ,Sat Dec 13 13:13:29 PST 2025,3,BatchId:420109;OriginalHitTemplateId:921587278;,3600,259200,Sat Dec 20 13:13:29 PST 2025,,,3AUQQEL7UP9NZAYR1G9ET131PF7V0F,ASQIP0BTUIBHO,Submitted,Mon Dec 15 19:40:26 PST 2025,Mon Dec 15 19:43:37 PST 2025,Thu Dec 18 19:43:37 PST 2025,,,,191,100% (215/215),100% (73/73),100% (73/73),1987_AIME_Problems_11,Find the largest possible value of \(k\) for which \(3^{11}\) is expressible as the sum of \(k\) consecutive positive integers.,"Solution 1. Let us write down one such sum, with \(m\) terms and first term \(n + 1\):
\(3^{11} = (n + 1) + (n + 2) + \ldots + (n + m) = \frac{1}{2} m(2n + m + 1)\).
Thus \(m(2n + m + 1) = 2 \cdot 3^{11}\) so \(m\) is a divisor of \(2\cdot 3^{11}\).  However, because \(n \geq 0\) we have \(m^2 < m(m + 1) \leq 2\cdot 3^{11}\) so \(m < \sqrt{2\cdot 3^{11}} < 3^6\).  Thus, we are looking for large factors of \(2\cdot 3^{11}\) which are less than \(3^6\).  The largest such factor is clearly \(2\cdot 3^5 = 486\); for this value of \(m\) we do indeed have the valid expression \(3^{11} = 122 + 123 + \ldots + 607\), for which \(k=\boxed{486}\).","We analyze the problem by considering the parity of \( k \) and leveraging the prime factorization of \( 3^{11} \).

1. **Sum Representation:**
   The sum of \( k \) consecutive integers starting from \( a \) is:
   \(
   S = \frac{k}{2} \left[2a + (k - 1)\right]
   \)
   Setting \( S = 3^{11} \), we get:
   \(
   k(2a + k - 1) = 2 \cdot 3^{11}
   \)
   Thus, \( k \) must divide \( 2 \cdot 3^{11} \).

2. **Parity Considerations:**
   - **Odd \( k \):** \( k \) divides \( 3^{11} \), so \( k = 3^b \). For \( a \) to be positive:
     \(
     a = \frac{2 \cdot 3^{11 - b} - 3^b + 1}{2} > 0
     \)
     The largest valid \( b \) is 5, yielding \( k = 3^5 = 243 \).
   - **Even \( k \):** \( k = 2 \cdot 3^b \). The constraint \( k < \sqrt{2 \cdot 3^{11}} \approx 595.2 \) limits \( b \leq 5 \), giving \( k = 2 \cdot 3^5 = 486 \).

3. **Conclusion:**
   Comparing the maximum values from both cases, \( k = 486 \) (even) is larger than \( k = 243 \) (odd). Verifying, \( a = \frac{2 \cdot 3^{6} - 486 + 1}{2} = 122 \), which is valid.

Thus, the largest \( k \) is \(\boxed{486}\).",deepseek-reasoner,,TRUE,FALSE,TRUE,FALSE,,,