"HITId","HITTypeId","Title","Description","Keywords","Reward","CreationTime","MaxAssignments","RequesterAnnotation","AssignmentDurationInSeconds","AutoApprovalDelayInSeconds","Expiration","NumberOfSimilarHITs","LifetimeInSeconds","AssignmentId","WorkerId","AssignmentStatus","AcceptTime","SubmitTime","AutoApprovalTime","ApprovalTime","RejectionTime","RequesterFeedback","WorkTimeInSeconds","LifetimeApprovalRate","Last30DaysApprovalRate","Last7DaysApprovalRate","Input.problem_id","Input.problem","Input.cleaned_references","Input.cleaned_response","Input.model","Input.image_in_problem","Answer.correctness.correct","Answer.correctness.incorrect","Answer.novelty.not_novel","Answer.novelty.novel","Approve","Reject"
"3OQQD2WO91MB7CFUVTMCSQGZ4DO3I7","36I764H9FR05M4CQ2M6I9EWUWYZVB7","CreativityPrism - CreativeMath","Is this solution creative?","survey","$0.01","Wed Oct 08 20:09:56 PDT 2025","3","BatchId:418073;OriginalHitTemplateId:921587278;","3600","259200","Fri Nov 14 21:54:11 PST 2025","","","32ZKVD547Z347OZIFM0XUN71PZ03B1","A189Q7EDEDSQ34","Approved","Sun Nov 02 19:03:36 PST 2025","Sun Nov 02 19:04:03 PST 2025","Wed Nov 05 19:04:03 PST 2025","Wed Nov 05 19:04:49 PST 2025","","","27","100% (114/114)","100% (100/100)","100% (18/18)","2022_USAJMO_Problems_5","Find all pairs of primes \((p,q)\) for which \(p-q\) and \(pq-q\) are both perfect squares.","Solution 1. We first consider the case where one of \(p,q\) is even. If \(p=2\), \(p-q=0\) and \(pq-q=2\) which doesn't satisfy the problem restraints. If \(q=2\), we can set \(p-2=x^2\) and \(2p-2=y^2\) giving us \(p=y^2-x^2=(y+x)(y-x)\). This forces \(y-x=1\) so \(p=2x+1\rightarrow 2x+1=x^2+2 \rightarrow x=1\) giving us the solution \((p,q)=(3,2)\).

Now assume that \(p,q\) are both odd primes. Set \(p-q=x^2\) and \(pq-q=y^2\) so \((pq-q)-(p-q)=y^2-x^2 \rightarrow p(q-1)\) \(=(y+x)(y-x)\). Since \(y+x>y-x\), \(p | (x+y)\). Note that \(q-1\) is an even integer and since \(y+x\) and \(y-x\) have the same parity, they both must be even. Therefore, \(x+y=pk\) for some positive even integer \(k\). On the other hand, \(p>p-q=x^2 \rightarrow p>x\) and \(p^2-p>pq-q=y^2 \rightarrow p>y\). Therefore, \(2p>x+y\) so \(x+y=p\), giving us a contradiction.

Therefore, the only solution to this problem is \((p,q)=(3,2)\).
","We start by letting \( p - q = a^2 \) and \( pq - q = b^2 \), where \( a, b \in \mathbb{N} \). The second equation can be rewritten as \( q(p - 1) = b^2 \). Since \( q \) is prime, \( q \) must divide \( b^2 \), implying \( q \mid b \). Let \( b = kq \), so \( q(p - 1) = k^2q^2 \). Dividing by \( q \), we get \( p - 1 = k^2q \), or \( p = k^2q + 1 \).

Substitute \( p = k^2q + 1 \) into \( p - q = a^2 \):
\(
k^2q + 1 - q = a^2 \implies q(k^2 - 1) + 1 = a^2.
\)
Rearranged, this becomes:
\(
q(k^2 - 1) = (a - 1)(a + 1).
\)
Since \( q \) is prime, it divides either \( a - 1 \) or \( a + 1 \).

**Case 1:** \( q \mid (a - 1) \). Let \( a - 1 = mq \), so \( a = mq + 1 \). Substitute into the equation:
\(
q(k^2 - 1) = mq(mq + 2) \implies k^2 - 1 = m(mq + 2).
\)
Expanding and solving for \( k^2 \):
\(
k^2 = m^2q + 2m + 1.
\)
Testing \( m = 0 \), we get \( k^2 = 1 \implies k = 1 \). Then \( p = 1 \cdot q + 1 \). For \( p \) and \( q \) to be primes differing by 1, \( q = 2 \) and \( p = 3 \), yielding the solution \( (3, 2) \).

**Case 2:** \( q \mid (a + 1) \). Let \( a + 1 = mq \), so \( a = mq - 1 \). Substitute:
\(
q(k^2 - 1) = (mq - 2)mq \implies k^2 - 1 = m(mq - 2).
\)
Solving for \( k^2 \):
\(
k^2 = m^2q - 2m + 1.
\)
Testing \( m = 1 \), \( k^2 = q - 1 \). For \( q \) prime, \( q = k^2 + 1 \). Only \( k = 1 \) gives prime \( q = 2 \), leading to \( p = 3 \), again \( (3, 2) \).

No other \( m, k, q \) satisfy the primality conditions. Thus, \( (3, 2) \).","deepseek-reasoner_Claude_correctness_randomly_selected_novelty","","true","false","false","true"
"3OQQD2WO91MB7CFUVTMCSQGZ4DO3I7","36I764H9FR05M4CQ2M6I9EWUWYZVB7","CreativityPrism - CreativeMath","Is this solution creative?","survey","$0.01","Wed Oct 08 20:09:56 PDT 2025","3","BatchId:418073;OriginalHitTemplateId:921587278;","3600","259200","Fri Nov 14 21:54:11 PST 2025","","","3C2NJ6JBKUXHNFSWECR128230AE2NE","AKERE2HC8Y7H4","Approved","Sat Nov 01 12:30:31 PDT 2025","Sat Nov 01 12:31:14 PDT 2025","Tue Nov 04 11:31:14 PST 2025","Tue Nov 04 11:31:49 PST 2025","","","43","100% (50/50)","100% (48/48)","0% (0/0)","2022_USAJMO_Problems_5","Find all pairs of primes \((p,q)\) for which \(p-q\) and \(pq-q\) are both perfect squares.","Solution 1. We first consider the case where one of \(p,q\) is even. If \(p=2\), \(p-q=0\) and \(pq-q=2\) which doesn't satisfy the problem restraints. If \(q=2\), we can set \(p-2=x^2\) and \(2p-2=y^2\) giving us \(p=y^2-x^2=(y+x)(y-x)\). This forces \(y-x=1\) so \(p=2x+1\rightarrow 2x+1=x^2+2 \rightarrow x=1\) giving us the solution \((p,q)=(3,2)\).

Now assume that \(p,q\) are both odd primes. Set \(p-q=x^2\) and \(pq-q=y^2\) so \((pq-q)-(p-q)=y^2-x^2 \rightarrow p(q-1)\) \(=(y+x)(y-x)\). Since \(y+x>y-x\), \(p | (x+y)\). Note that \(q-1\) is an even integer and since \(y+x\) and \(y-x\) have the same parity, they both must be even. Therefore, \(x+y=pk\) for some positive even integer \(k\). On the other hand, \(p>p-q=x^2 \rightarrow p>x\) and \(p^2-p>pq-q=y^2 \rightarrow p>y\). Therefore, \(2p>x+y\) so \(x+y=p\), giving us a contradiction.

Therefore, the only solution to this problem is \((p,q)=(3,2)\).
","We start by letting \( p - q = a^2 \) and \( pq - q = b^2 \), where \( a, b \in \mathbb{N} \). The second equation can be rewritten as \( q(p - 1) = b^2 \). Since \( q \) is prime, \( q \) must divide \( b^2 \), implying \( q \mid b \). Let \( b = kq \), so \( q(p - 1) = k^2q^2 \). Dividing by \( q \), we get \( p - 1 = k^2q \), or \( p = k^2q + 1 \).

Substitute \( p = k^2q + 1 \) into \( p - q = a^2 \):
\(
k^2q + 1 - q = a^2 \implies q(k^2 - 1) + 1 = a^2.
\)
Rearranged, this becomes:
\(
q(k^2 - 1) = (a - 1)(a + 1).
\)
Since \( q \) is prime, it divides either \( a - 1 \) or \( a + 1 \).

**Case 1:** \( q \mid (a - 1) \). Let \( a - 1 = mq \), so \( a = mq + 1 \). Substitute into the equation:
\(
q(k^2 - 1) = mq(mq + 2) \implies k^2 - 1 = m(mq + 2).
\)
Expanding and solving for \( k^2 \):
\(
k^2 = m^2q + 2m + 1.
\)
Testing \( m = 0 \), we get \( k^2 = 1 \implies k = 1 \). Then \( p = 1 \cdot q + 1 \). For \( p \) and \( q \) to be primes differing by 1, \( q = 2 \) and \( p = 3 \), yielding the solution \( (3, 2) \).

**Case 2:** \( q \mid (a + 1) \). Let \( a + 1 = mq \), so \( a = mq - 1 \). Substitute:
\(
q(k^2 - 1) = (mq - 2)mq \implies k^2 - 1 = m(mq - 2).
\)
Solving for \( k^2 \):
\(
k^2 = m^2q - 2m + 1.
\)
Testing \( m = 1 \), \( k^2 = q - 1 \). For \( q \) prime, \( q = k^2 + 1 \). Only \( k = 1 \) gives prime \( q = 2 \), leading to \( p = 3 \), again \( (3, 2) \).

No other \( m, k, q \) satisfy the primality conditions. Thus, \( (3, 2) \).","deepseek-reasoner_Claude_correctness_randomly_selected_novelty","","true","false","false","true"
"3OQQD2WO91MB7CFUVTMCSQGZ4DO3I7","36I764H9FR05M4CQ2M6I9EWUWYZVB7","CreativityPrism - CreativeMath","Is this solution creative?","survey","$0.01","Wed Oct 08 20:09:56 PDT 2025","3","BatchId:418073;OriginalHitTemplateId:921587278;","3600","259200","Fri Nov 14 21:54:11 PST 2025","","","3TPZPLC3MKS6BI0SYRIYP7CQ63C3PJ","ASQIP0BTUIBHO","Approved","Wed Oct 29 13:35:49 PDT 2025","Wed Oct 29 13:36:55 PDT 2025","Sat Nov 01 13:36:55 PDT 2025","Sat Nov 01 13:37:49 PDT 2025","","","66","100% (125/125)","100% (63/63)","0% (0/0)","2022_USAJMO_Problems_5","Find all pairs of primes \((p,q)\) for which \(p-q\) and \(pq-q\) are both perfect squares.","Solution 1. We first consider the case where one of \(p,q\) is even. If \(p=2\), \(p-q=0\) and \(pq-q=2\) which doesn't satisfy the problem restraints. If \(q=2\), we can set \(p-2=x^2\) and \(2p-2=y^2\) giving us \(p=y^2-x^2=(y+x)(y-x)\). This forces \(y-x=1\) so \(p=2x+1\rightarrow 2x+1=x^2+2 \rightarrow x=1\) giving us the solution \((p,q)=(3,2)\).

Now assume that \(p,q\) are both odd primes. Set \(p-q=x^2\) and \(pq-q=y^2\) so \((pq-q)-(p-q)=y^2-x^2 \rightarrow p(q-1)\) \(=(y+x)(y-x)\). Since \(y+x>y-x\), \(p | (x+y)\). Note that \(q-1\) is an even integer and since \(y+x\) and \(y-x\) have the same parity, they both must be even. Therefore, \(x+y=pk\) for some positive even integer \(k\). On the other hand, \(p>p-q=x^2 \rightarrow p>x\) and \(p^2-p>pq-q=y^2 \rightarrow p>y\). Therefore, \(2p>x+y\) so \(x+y=p\), giving us a contradiction.

Therefore, the only solution to this problem is \((p,q)=(3,2)\).
","We start by letting \( p - q = a^2 \) and \( pq - q = b^2 \), where \( a, b \in \mathbb{N} \). The second equation can be rewritten as \( q(p - 1) = b^2 \). Since \( q \) is prime, \( q \) must divide \( b^2 \), implying \( q \mid b \). Let \( b = kq \), so \( q(p - 1) = k^2q^2 \). Dividing by \( q \), we get \( p - 1 = k^2q \), or \( p = k^2q + 1 \).

Substitute \( p = k^2q + 1 \) into \( p - q = a^2 \):
\(
k^2q + 1 - q = a^2 \implies q(k^2 - 1) + 1 = a^2.
\)
Rearranged, this becomes:
\(
q(k^2 - 1) = (a - 1)(a + 1).
\)
Since \( q \) is prime, it divides either \( a - 1 \) or \( a + 1 \).

**Case 1:** \( q \mid (a - 1) \). Let \( a - 1 = mq \), so \( a = mq + 1 \). Substitute into the equation:
\(
q(k^2 - 1) = mq(mq + 2) \implies k^2 - 1 = m(mq + 2).
\)
Expanding and solving for \( k^2 \):
\(
k^2 = m^2q + 2m + 1.
\)
Testing \( m = 0 \), we get \( k^2 = 1 \implies k = 1 \). Then \( p = 1 \cdot q + 1 \). For \( p \) and \( q \) to be primes differing by 1, \( q = 2 \) and \( p = 3 \), yielding the solution \( (3, 2) \).

**Case 2:** \( q \mid (a + 1) \). Let \( a + 1 = mq \), so \( a = mq - 1 \). Substitute:
\(
q(k^2 - 1) = (mq - 2)mq \implies k^2 - 1 = m(mq - 2).
\)
Solving for \( k^2 \):
\(
k^2 = m^2q - 2m + 1.
\)
Testing \( m = 1 \), \( k^2 = q - 1 \). For \( q \) prime, \( q = k^2 + 1 \). Only \( k = 1 \) gives prime \( q = 2 \), leading to \( p = 3 \), again \( (3, 2) \).

No other \( m, k, q \) satisfy the primality conditions. Thus, \( (3, 2) \).","deepseek-reasoner_Claude_correctness_randomly_selected_novelty","","true","false","false","true"
"3VDVA3ILJWV11IVKI18QJLOMRGI1GL","36I764H9FR05M4CQ2M6I9EWUWYZVB7","CreativityPrism - CreativeMath","Is this solution creative?","survey","$0.01","Wed Oct 08 20:09:56 PDT 2025","3","BatchId:418073;OriginalHitTemplateId:921587278;","3600","259200","Fri Nov 14 21:54:11 PST 2025","","","37Q970SNZYO7E7253489WJ24V391S9","AFA0H6QL832IJ","Approved","Tue Nov 04 23:08:59 PST 2025","Tue Nov 04 23:18:50 PST 2025","Fri Nov 07 23:18:50 PST 2025","Fri Nov 07 23:19:49 PST 2025","","","591","100% (21/21)","100% (21/21)","100% (21/21)","2022_USAJMO_Problems_4","Let \(ABCD\) be a rhombus, and let \(K\) and \(L\) be points such that \(K\) lies inside the rhombus, \(L\) lies outside the rhombus, and \(KA=KB=LC=LD\). Prove that there exist points \(X\) and \(Y\) on lines \(AC\) and \(BD\) such that \(KXLY\) is also a rhombus.","Solution 1. Let's draw (\(\ell\)) perpendicular bisector of \(\overline{KL}\). Let \(X, Y\) be intersections of \(\ell\) with \(AC\) and \(BD\), respectively. \(KXLY\) is a kite. Let \(O\) mid-point of \(\overline{KL}\). Let \(M\) mid-point of \(\overline{BD}\) (and also \(M\) is mid-point of \(\overline{AC}\)). \(X, O, Y\) are on the line \(\ell\).
\(BK=DL\), \(BX=XD\), \(XK=XL\) and so \(\triangle BXK \cong \triangle DXL\) (side-side-side). By spiral similarity, \(\triangle BXD \sim\triangle KXL\). Hence, we get
\(\angle XBD = \angle XDB = \angle XKL = \angle XLK = b .\)
Similarly, \(AK =CL\), \(YK = YL\), \(YA=YC\) and so \(\triangle AKY \cong \triangle CYL\) (side-side-side). From spiral similarity, \(\triangle YKL\sim \triangle YAC\). Thus,
\(\angle YAC = \angle YCA = \angle YKL = \angle YLK = a .\)
If we can show that \(a=b\), then the kite \(KXLY\) will be a rhombus.
By spiral similarities, \(\dfrac{BX}{BD} = \dfrac{XK}{KL}\) and \(\dfrac{YA}{AC} = \dfrac{YK}{KL}\). Then, \(KL = \dfrac{BD \cdot XK}{BX} = \dfrac{AC \cdot YK}{YA}\).
\(\dfrac{XK}{YK} = \dfrac{AC \cdot BX}{AY \cdot BD}\). Then, \(\dfrac{YK}{XK} = \dfrac{(BD/2) \cdot AY}{(AC/2) \cdot BX} = \dfrac{\sin b}{\sin a}\). Also, in the right triangles \(\triangle KXO\) and \(\triangle KYO\),  \(\dfrac{YK}{XK} = \dfrac{OK/\cos a}{OK/\cos b} = \dfrac{\cos b}{\cos a}\). Therefore,
\(\dfrac{\sin b}{\sin a} = \dfrac{\cos b}{\cos a}.\)
\(\sin a \cos b = \sin b \cos a \implies \sin a \cos b - \sin b \cos a = 0 \implies \sin(a-b) = 0\) and we get \(a=b\).","To solve the problem of proving the existence of points \(X\) and \(Y\) on the diagonals \(AC\) and \(BD\) of rhombus \(ABCD\) such that \(KXLY\) is a rhombus, we can use a coordinate geometry approach. Here is the step-by-step solution:

1. **Coordinate Setup**:
   - Place the rhombus \(ABCD\) in a coordinate system with its center at the origin. The diagonals \(AC\) and \(BD\) are along the x-axis and y-axis, respectively.
   - Let the vertices be \(A(p, 0)\), \(C(-p, 0)\), \(B(0, q)\), and \(D(0, -q)\).

2. **Equations for Points \(K\) and \(L\)**:
   - Points \(K\) and \(L\) satisfy \(KA = KB\) and \(LC = LD\). These conditions lead to the equations:
     - For \(K\): \(px_1 - qy_1 = \frac{p^2 - q^2}{2}\)
     - For \(L\): \(px_2 - qy_2 = \frac{q^2 - p^2}{2}\)

3. **Midpoints and Perpendicular Diagonals**:
   - The diagonals of a rhombus bisect each other and are perpendicular. For \(KXLY\) to be a rhombus, the diagonals \(KL\) and \(XY\) must bisect each other and be perpendicular.
   - The midpoint of \(KL\) is \(\left(\frac{x_1 + x_2}{2}, \frac{y_1 + y_2}{2}\right)\). The midpoint of \(XY\) (where \(X(a, 0)\) and \(Y(0, b)\)) must be the same, leading to \(a = x_1 + x_2\) and \(b = y_1 + y_2\).

4. **Perpendicularity Condition**:
   - The slopes of \(KL\) and \(XY\) must be negative reciprocals. The slope of \(KL\) is \(\frac{y_2 - y_1}{x_2 - x_1}\), and the slope of \(XY\) is \(-\frac{b}{a}\). Setting their product to \(-1\) gives \(\frac{y_2 - y_1}{x_2 - x_1} \cdot \left(-\frac{b}{a}\right) = -1\), leading to \(\frac{y_2 - y_1}{x_2 - x_1} = \frac{a}{b}\).

5. **Solving for \(a\) and \(b\)**:
   - Using the equations for \(K\) and \(L\), we find \(x_2 = x_1 - p\) and solve for \(a\) and \(b\) in terms of \(x_1\). This gives \(a = 2x_1 - p\) and \(b = \frac{p}{q}(2x_1 - p)\).

6. **Existence of Points \(X\) and \(Y\)**:
   - Since \(K\) and \(L\) are given points, the derived relationships ensure the existence of \(a\) and \(b\) such that \(X(a, 0)\) and \(Y(0, b)\) lie on \(AC\) and \(BD\), respectively. This confirms that \(KXLY\) is a rhombus.

Thus, the existence of points \(X\) and \(Y\) is proven, and \(KXLY\) forms a rhombus.

\(
\boxed{KXLY \text{ is a rhombus as constructed.}}
\)","deepseek-reasoner_Claude_correctness_randomly_selected_novelty","","true","false","false","true"
"3VDVA3ILJWV11IVKI18QJLOMRGI1GL","36I764H9FR05M4CQ2M6I9EWUWYZVB7","CreativityPrism - CreativeMath","Is this solution creative?","survey","$0.01","Wed Oct 08 20:09:56 PDT 2025","3","BatchId:418073;OriginalHitTemplateId:921587278;","3600","259200","Fri Nov 14 21:54:11 PST 2025","","","3SUWZRL0MIT1BAYK8F0L2YP62NFE6I","A189Q7EDEDSQ34","Approved","Sun Nov 02 19:04:16 PST 2025","Sun Nov 02 19:05:21 PST 2025","Wed Nov 05 19:05:21 PST 2025","Wed Nov 05 19:05:49 PST 2025","","","65","100% (114/114)","100% (100/100)","100% (18/18)","2022_USAJMO_Problems_4","Let \(ABCD\) be a rhombus, and let \(K\) and \(L\) be points such that \(K\) lies inside the rhombus, \(L\) lies outside the rhombus, and \(KA=KB=LC=LD\). Prove that there exist points \(X\) and \(Y\) on lines \(AC\) and \(BD\) such that \(KXLY\) is also a rhombus.","Solution 1. Let's draw (\(\ell\)) perpendicular bisector of \(\overline{KL}\). Let \(X, Y\) be intersections of \(\ell\) with \(AC\) and \(BD\), respectively. \(KXLY\) is a kite. Let \(O\) mid-point of \(\overline{KL}\). Let \(M\) mid-point of \(\overline{BD}\) (and also \(M\) is mid-point of \(\overline{AC}\)). \(X, O, Y\) are on the line \(\ell\).
\(BK=DL\), \(BX=XD\), \(XK=XL\) and so \(\triangle BXK \cong \triangle DXL\) (side-side-side). By spiral similarity, \(\triangle BXD \sim\triangle KXL\). Hence, we get
\(\angle XBD = \angle XDB = \angle XKL = \angle XLK = b .\)
Similarly, \(AK =CL\), \(YK = YL\), \(YA=YC\) and so \(\triangle AKY \cong \triangle CYL\) (side-side-side). From spiral similarity, \(\triangle YKL\sim \triangle YAC\). Thus,
\(\angle YAC = \angle YCA = \angle YKL = \angle YLK = a .\)
If we can show that \(a=b\), then the kite \(KXLY\) will be a rhombus.
By spiral similarities, \(\dfrac{BX}{BD} = \dfrac{XK}{KL}\) and \(\dfrac{YA}{AC} = \dfrac{YK}{KL}\). Then, \(KL = \dfrac{BD \cdot XK}{BX} = \dfrac{AC \cdot YK}{YA}\).
\(\dfrac{XK}{YK} = \dfrac{AC \cdot BX}{AY \cdot BD}\). Then, \(\dfrac{YK}{XK} = \dfrac{(BD/2) \cdot AY}{(AC/2) \cdot BX} = \dfrac{\sin b}{\sin a}\). Also, in the right triangles \(\triangle KXO\) and \(\triangle KYO\),  \(\dfrac{YK}{XK} = \dfrac{OK/\cos a}{OK/\cos b} = \dfrac{\cos b}{\cos a}\). Therefore,
\(\dfrac{\sin b}{\sin a} = \dfrac{\cos b}{\cos a}.\)
\(\sin a \cos b = \sin b \cos a \implies \sin a \cos b - \sin b \cos a = 0 \implies \sin(a-b) = 0\) and we get \(a=b\).","To solve the problem of proving the existence of points \(X\) and \(Y\) on the diagonals \(AC\) and \(BD\) of rhombus \(ABCD\) such that \(KXLY\) is a rhombus, we can use a coordinate geometry approach. Here is the step-by-step solution:

1. **Coordinate Setup**:
   - Place the rhombus \(ABCD\) in a coordinate system with its center at the origin. The diagonals \(AC\) and \(BD\) are along the x-axis and y-axis, respectively.
   - Let the vertices be \(A(p, 0)\), \(C(-p, 0)\), \(B(0, q)\), and \(D(0, -q)\).

2. **Equations for Points \(K\) and \(L\)**:
   - Points \(K\) and \(L\) satisfy \(KA = KB\) and \(LC = LD\). These conditions lead to the equations:
     - For \(K\): \(px_1 - qy_1 = \frac{p^2 - q^2}{2}\)
     - For \(L\): \(px_2 - qy_2 = \frac{q^2 - p^2}{2}\)

3. **Midpoints and Perpendicular Diagonals**:
   - The diagonals of a rhombus bisect each other and are perpendicular. For \(KXLY\) to be a rhombus, the diagonals \(KL\) and \(XY\) must bisect each other and be perpendicular.
   - The midpoint of \(KL\) is \(\left(\frac{x_1 + x_2}{2}, \frac{y_1 + y_2}{2}\right)\). The midpoint of \(XY\) (where \(X(a, 0)\) and \(Y(0, b)\)) must be the same, leading to \(a = x_1 + x_2\) and \(b = y_1 + y_2\).

4. **Perpendicularity Condition**:
   - The slopes of \(KL\) and \(XY\) must be negative reciprocals. The slope of \(KL\) is \(\frac{y_2 - y_1}{x_2 - x_1}\), and the slope of \(XY\) is \(-\frac{b}{a}\). Setting their product to \(-1\) gives \(\frac{y_2 - y_1}{x_2 - x_1} \cdot \left(-\frac{b}{a}\right) = -1\), leading to \(\frac{y_2 - y_1}{x_2 - x_1} = \frac{a}{b}\).

5. **Solving for \(a\) and \(b\)**:
   - Using the equations for \(K\) and \(L\), we find \(x_2 = x_1 - p\) and solve for \(a\) and \(b\) in terms of \(x_1\). This gives \(a = 2x_1 - p\) and \(b = \frac{p}{q}(2x_1 - p)\).

6. **Existence of Points \(X\) and \(Y\)**:
   - Since \(K\) and \(L\) are given points, the derived relationships ensure the existence of \(a\) and \(b\) such that \(X(a, 0)\) and \(Y(0, b)\) lie on \(AC\) and \(BD\), respectively. This confirms that \(KXLY\) is a rhombus.

Thus, the existence of points \(X\) and \(Y\) is proven, and \(KXLY\) forms a rhombus.

\(
\boxed{KXLY \text{ is a rhombus as constructed.}}
\)","deepseek-reasoner_Claude_correctness_randomly_selected_novelty","","true","false","false","true"
"3VDVA3ILJWV11IVKI18QJLOMRGI1GL","36I764H9FR05M4CQ2M6I9EWUWYZVB7","CreativityPrism - CreativeMath","Is this solution creative?","survey","$0.01","Wed Oct 08 20:09:56 PDT 2025","3","BatchId:418073;OriginalHitTemplateId:921587278;","3600","259200","Fri Nov 14 21:54:11 PST 2025","","","3WAKVUDHUGW1469BHPKICUB5JMG7UE","AKERE2HC8Y7H4","Approved","Mon Oct 13 22:49:02 PDT 2025","Mon Oct 13 22:49:40 PDT 2025","Thu Oct 16 22:49:40 PDT 2025","Thu Oct 16 22:49:49 PDT 2025","","","38","100% (50/50)","100% (48/48)","0% (0/0)","2022_USAJMO_Problems_4","Let \(ABCD\) be a rhombus, and let \(K\) and \(L\) be points such that \(K\) lies inside the rhombus, \(L\) lies outside the rhombus, and \(KA=KB=LC=LD\). Prove that there exist points \(X\) and \(Y\) on lines \(AC\) and \(BD\) such that \(KXLY\) is also a rhombus.","Solution 1. Let's draw (\(\ell\)) perpendicular bisector of \(\overline{KL}\). Let \(X, Y\) be intersections of \(\ell\) with \(AC\) and \(BD\), respectively. \(KXLY\) is a kite. Let \(O\) mid-point of \(\overline{KL}\). Let \(M\) mid-point of \(\overline{BD}\) (and also \(M\) is mid-point of \(\overline{AC}\)). \(X, O, Y\) are on the line \(\ell\).
\(BK=DL\), \(BX=XD\), \(XK=XL\) and so \(\triangle BXK \cong \triangle DXL\) (side-side-side). By spiral similarity, \(\triangle BXD \sim\triangle KXL\). Hence, we get
\(\angle XBD = \angle XDB = \angle XKL = \angle XLK = b .\)
Similarly, \(AK =CL\), \(YK = YL\), \(YA=YC\) and so \(\triangle AKY \cong \triangle CYL\) (side-side-side). From spiral similarity, \(\triangle YKL\sim \triangle YAC\). Thus,
\(\angle YAC = \angle YCA = \angle YKL = \angle YLK = a .\)
If we can show that \(a=b\), then the kite \(KXLY\) will be a rhombus.
By spiral similarities, \(\dfrac{BX}{BD} = \dfrac{XK}{KL}\) and \(\dfrac{YA}{AC} = \dfrac{YK}{KL}\). Then, \(KL = \dfrac{BD \cdot XK}{BX} = \dfrac{AC \cdot YK}{YA}\).
\(\dfrac{XK}{YK} = \dfrac{AC \cdot BX}{AY \cdot BD}\). Then, \(\dfrac{YK}{XK} = \dfrac{(BD/2) \cdot AY}{(AC/2) \cdot BX} = \dfrac{\sin b}{\sin a}\). Also, in the right triangles \(\triangle KXO\) and \(\triangle KYO\),  \(\dfrac{YK}{XK} = \dfrac{OK/\cos a}{OK/\cos b} = \dfrac{\cos b}{\cos a}\). Therefore,
\(\dfrac{\sin b}{\sin a} = \dfrac{\cos b}{\cos a}.\)
\(\sin a \cos b = \sin b \cos a \implies \sin a \cos b - \sin b \cos a = 0 \implies \sin(a-b) = 0\) and we get \(a=b\).","To solve the problem of proving the existence of points \(X\) and \(Y\) on the diagonals \(AC\) and \(BD\) of rhombus \(ABCD\) such that \(KXLY\) is a rhombus, we can use a coordinate geometry approach. Here is the step-by-step solution:

1. **Coordinate Setup**:
   - Place the rhombus \(ABCD\) in a coordinate system with its center at the origin. The diagonals \(AC\) and \(BD\) are along the x-axis and y-axis, respectively.
   - Let the vertices be \(A(p, 0)\), \(C(-p, 0)\), \(B(0, q)\), and \(D(0, -q)\).

2. **Equations for Points \(K\) and \(L\)**:
   - Points \(K\) and \(L\) satisfy \(KA = KB\) and \(LC = LD\). These conditions lead to the equations:
     - For \(K\): \(px_1 - qy_1 = \frac{p^2 - q^2}{2}\)
     - For \(L\): \(px_2 - qy_2 = \frac{q^2 - p^2}{2}\)

3. **Midpoints and Perpendicular Diagonals**:
   - The diagonals of a rhombus bisect each other and are perpendicular. For \(KXLY\) to be a rhombus, the diagonals \(KL\) and \(XY\) must bisect each other and be perpendicular.
   - The midpoint of \(KL\) is \(\left(\frac{x_1 + x_2}{2}, \frac{y_1 + y_2}{2}\right)\). The midpoint of \(XY\) (where \(X(a, 0)\) and \(Y(0, b)\)) must be the same, leading to \(a = x_1 + x_2\) and \(b = y_1 + y_2\).

4. **Perpendicularity Condition**:
   - The slopes of \(KL\) and \(XY\) must be negative reciprocals. The slope of \(KL\) is \(\frac{y_2 - y_1}{x_2 - x_1}\), and the slope of \(XY\) is \(-\frac{b}{a}\). Setting their product to \(-1\) gives \(\frac{y_2 - y_1}{x_2 - x_1} \cdot \left(-\frac{b}{a}\right) = -1\), leading to \(\frac{y_2 - y_1}{x_2 - x_1} = \frac{a}{b}\).

5. **Solving for \(a\) and \(b\)**:
   - Using the equations for \(K\) and \(L\), we find \(x_2 = x_1 - p\) and solve for \(a\) and \(b\) in terms of \(x_1\). This gives \(a = 2x_1 - p\) and \(b = \frac{p}{q}(2x_1 - p)\).

6. **Existence of Points \(X\) and \(Y\)**:
   - Since \(K\) and \(L\) are given points, the derived relationships ensure the existence of \(a\) and \(b\) such that \(X(a, 0)\) and \(Y(0, b)\) lie on \(AC\) and \(BD\), respectively. This confirms that \(KXLY\) is a rhombus.

Thus, the existence of points \(X\) and \(Y\) is proven, and \(KXLY\) forms a rhombus.

\(
\boxed{KXLY \text{ is a rhombus as constructed.}}
\)","deepseek-reasoner_Claude_correctness_randomly_selected_novelty","","true","false","false","true"