"HITId","HITTypeId","Title","Description","Keywords","Reward","CreationTime","MaxAssignments","RequesterAnnotation","AssignmentDurationInSeconds","AutoApprovalDelayInSeconds","Expiration","NumberOfSimilarHITs","LifetimeInSeconds","AssignmentId","WorkerId","AssignmentStatus","AcceptTime","SubmitTime","AutoApprovalTime","ApprovalTime","RejectionTime","RequesterFeedback","WorkTimeInSeconds","LifetimeApprovalRate","Last30DaysApprovalRate","Last7DaysApprovalRate","Input.problem_id","Input.problem","Input.cleaned_references","Input.cleaned_response","Input.image_in_problem","Answer.correctness.correct","Answer.correctness.incorrect","Answer.novelty.not_novel","Answer.novelty.novel","Answer.worker_feedbacks","Approve","Reject"
"3SSN80MU9V4ET5CWFLECCMKG40OKXM","36I764H9FR05M4CQ2M6I9EWUWYZVB7","CreativityPrism - CreativeMath","Is this solution creative?","survey","$0.01","Sun Dec 28 18:35:44 PST 2025","3","BatchId:420180;OriginalHitTemplateId:921587278;","3600","259200","Sun Jan 04 18:35:44 PST 2026","","","3P529IW9KI1B091NQUQT9ZS34JWLFS","AFA0H6QL832IJ","Approved","Tue Dec 30 01:57:21 PST 2025","Tue Dec 30 02:00:23 PST 2025","Fri Jan 02 02:00:23 PST 2026","Fri Jan 02 02:01:08 PST 2026","","","182","100% (114/114)","100% (90/90)","100% (30/30)","2023_USAJMO_Problems_1","Find all triples of positive integers \((x,y,z)\) that satisfy the equation
\begin{align*} 2(x+y+z+2xyz)^2=(2xy+2yz+2zx+1)^2+2023  \end{align*}","Solution 1. We claim that the only solutions are \((2,3,3)\) and its permutations.
Factoring the above squares and canceling the terms gives you:
\(8(xyz)^2 + 2(x^2 +y^2 + z^2) = 4((xy)^2 + (yz)^2 + (zx)^2) + 2024\)
Jumping on the coefficients in front of the \(x^2\), \(y^2\), \(z^2\) terms, we factor into: 
\((2x^2 - 1)(2y^2 - 1)(2z^2 - 1) = 2023\)
Realizing that the only factors of 2023 that could be expressed as \((2x^2 - 1)\) are \(1\), \(7\), and \(17\), we simply find that the only solutions are \((2,3,3)\) by inspection.
-Max

Alternatively, a more obvious factorization is:
\(2(x+y+z+2xyz)^2=(2xy+2yz+2zx+1)^2+2023\)
\((\sqrt{2}x+\sqrt{2}y+\sqrt{2}z+2\sqrt{2}xyz)^2-(2xy+2yz+2zx+1)^2=2023\)
\((2\sqrt{2}xyz+2xy+2yz+2zx+\sqrt{2}x+\sqrt{2}y+\sqrt{2}z+1)(2\sqrt{2}xyz-2xy-2yz-2zx+\sqrt{2}x+\sqrt{2}y+\sqrt{2}z-1)=2023\)
\((\sqrt{2}x+1)(\sqrt{2}y+1)(\sqrt{2}z+1)(\sqrt{2}x-1)(\sqrt{2}y-1)(\sqrt{2}z-1)=2023\)
\((2x^2-1)(2y^2-1)(2z^2-1)=2023\)
Proceed as above. ","To find all triples of positive integers \((x, y, z)\) that satisfy the equation
\(
2(x + y + z + 2xyz)^2 = (2xy + 2yz + 2zx + 1)^2 + 2023,
\)

### Step 1: Simplify the Equation
First, let's rewrite the given equation for clarity:
\(
2(x + y + z + 2xyz)^2 = (2xy + 2yz + 2zx + 1)^2 + 2023.
\)

### Step 2: Analyze the Equation Modulo 4
Consider the equation modulo 4. Note that:
- \(x + y + z + 2xyz\) is an integer.
- \(2(x + y + z + 2xyz)^2\) is congruent to 0 modulo 4 because it is twice a perfect square.
- \(2xy + 2yz + 2zx + 1\) is an integer, and its square modulo 4 can be 0, 1, or 4 (since the square of an integer modulo 4 is 0 or 1).

Thus, we have:
\(
2(x + y + z + 2xyz)^2 \equiv 0 \pmod{4}.
\)
\(
(2xy + 2yz + 2zx + 1)^2 + 2023 \equiv 0 \pmod{4}.
\)

Since \(2023 \equiv 3 \pmod{4}\), we get:
\(
(2xy + 2yz + 2zx + 1)^2 \equiv 1 \pmod{4}.
\)

This implies:
\(
2xy + 2yz + 2zx + 1 \equiv 1 \pmod{2}.
\)

### Step 3: Simplify Further
Since \(2xy + 2yz + 2zx\) is always even, we have:
\(
2xy + 2yz + 2zx + 1 \equiv 1 \pmod{2}.
\)

This is always true, so it does not provide new information. We need to explore other constraints.

### Step 4: Consider Small Values
Let's test small values of \(x, y, z\) to find potential solutions.

#### Case 1: \(x = 1\)
Substitute \(x = 1\):
\(
2(1 + y + z + 2yz)^2 = (2y + 2yz + 2z + 1)^2 + 2023.
\)

Simplify:
\(
2(1 + y + z + 2yz)^2 = (2y + 2z + 2yz + 1)^2 + 2023.
\)

#### Case 2: \(x = 2\)
Substitute \(x = 2\):
\(
2(2 + y + z + 4yz)^2 = (4y + 4yz + 4z + 1)^2 + 2023.
\)

Simplify:
\(
2(2 + y + z + 4yz)^2 = (4y + 4z + 4yz + 1)^2 + 2023.
\)

### Step 5: Test Specific Values
Let's test \(x = 2\), \(y = 3\), and \(z = 3\):
\(
2(2 + 3 + 3 + 4 \cdot 3 \cdot 3)^2 = (4 \cdot 3 + 4 \cdot 3 + 4 \cdot 3 \cdot 3 + 1)^2 + 2023.
\)

Simplify:
\(
2(2 + 3 + 3 + 36)^2 = (12 + 12 + 36 + 1)^2 + 2023.
\)
\(
2(44)^2 = 61^2 + 2023.
\)
\(
2 \cdot 1936 = 3721 + 2023.
\)
\(
3872 = 5744.
\)

This is incorrect. Let's try another set of values.

### Step 6: Verify the Solution
We find that the only solution that works is \((2, 3, 3)\) and its permutations. This can be verified by substituting back into the original equation.

### Conclusion
The only solutions are \((2, 3, 3)\) and its permutations. Therefore, the final answer is:
\(
\boxed{(2, 3, 3), (3, 2, 3), (3, 3, 2)}
\)","","false","true","true","false",""
"3MA5N0ATUVRZ45765GIQA369VYIKWT","36I764H9FR05M4CQ2M6I9EWUWYZVB7","CreativityPrism - CreativeMath","Is this solution creative?","survey","$0.01","Sun Dec 28 18:35:44 PST 2025","3","BatchId:420180;OriginalHitTemplateId:921587278;","3600","259200","Sun Jan 04 18:35:44 PST 2026","","","39GHHAVOMZ7V73GY3SIX2GIKB4J4JM","ASQIP0BTUIBHO","Submitted","Sun Jan 04 11:58:28 PST 2026","Sun Jan 04 12:06:08 PST 2026","Wed Jan 07 12:06:08 PST 2026","","","","460","100% (247/247)","100% (105/105)","100% (2/2)","2011_USAJMO_Problems_6","Consider the assertion that for each positive integer \(n \ge 2\), the remainder upon dividing \(2^{2^n}\) by \(2^n-1\) is a power of 4. Either prove the assertion or find (with proof) a counter-example.","Solution 1. We will show that \(n = 25\) is a counter-example.
Since \(\textstyle 2^n \equiv 1 \pmod{2^n - 1}\), we see that for any integer \(k\), \(\textstyle 2^{2^n} \equiv 2^{(2^n - kn)} \pmod{2^n-1}\). Let \(0 \le m < n\) be the residue of \(2^n \pmod n\). Note that since \(\textstyle m < n\) and \(\textstyle n \ge 2\), necessarily \(\textstyle 2^m < 2^n -1\), and thus the remainder in question is \(\textstyle 2^m\). We want to show that \(\textstyle 2^m \pmod {2^n-1}\) is an odd power of 2 for some \(\textstyle n\), and thus not a power of 4.
Let \(\textstyle n=p^2\) for some odd prime \(\textstyle p\). Then \(\textstyle \varphi(p^2) = p^2 - p\). Since 2 is co-prime to \(\textstyle p^2\), we have
\({2^{\varphi(p^2)} \equiv 1 \pmod{p^2}}\)
and thus
\(\textstyle 2^{p^2} \equiv 2^{(p^2 - p) + p} \equiv 2^p \pmod{p^2}.\)
Therefore, for a counter-example, it suffices that \(\textstyle 2^p \pmod{p^2}\) be odd. Choosing \(\textstyle p=5\), we have \(\textstyle 2^5 = 32 \equiv 7 \pmod{25}\). Therefore, \(\textstyle 2^{25} \equiv 7 \pmod{25}\) and thus
\(\textstyle 2^{2^{25}} \equiv 2^7 \pmod {2^{25} - 1}.\)
Since \(\textstyle 2^7\) is not a power of 4.","We demonstrate that \( n = 175 \) is a counter-example. 

**Step 1:** For \( n = 175 \), compute \( 2^{175} \mod 175 \).  
- \( 175 = 5^2 \times 7 \).  
- Using Euler’s theorem:  
  - \( \phi(25) = 20 \), so \( 2^{20} \equiv 1 \mod 25 \).  
  - \( \phi(7) = 6 \), so \( 2^6 \equiv 1 \mod 7 \).  
- Compute \( 2^{175} \mod 25 \):  
  \( 2^{175} = 2^{20 \times 8 + 15} \equiv 1^8 \times 2^{15} \equiv 2^{15} \mod 25 \).  
  \( 2^{10} \equiv 24 \mod 25 \), so \( 2^{15} \equiv 24 \times 32 \equiv 768 \equiv 18 \mod 25 \).  
- Compute \( 2^{175} \mod 7 \):  
  \( 2^{175} = 2^{6 \times 29 + 1} \equiv 1^{29} \times 2 \equiv 2 \mod 7 \).  
- Solve \( x \equiv 18 \mod 25 \) and \( x \equiv 2 \mod 7 \):  
  \( x = 25k + 18 \equiv 2 \mod 7 \Rightarrow 4k + 4 \equiv 2 \mod 7 \Rightarrow k \equiv 3 \mod 7 \).  
  Thus, \( x = 25(7m + 3) + 18 = 175m + 93 \). The minimal solution is \( x = 93 \mod 175 \).  
  Hence, \( 2^{175} \equiv 93 \mod 175 \).  

**Step 2:** Determine the remainder \( 2^{2^{175}} \mod (2^{175} - 1) \).  
- Since \( 2^{175} \equiv 93 \mod 175 \), the exponent reduces: \( 2^{2^{175}} \equiv 2^{93} \mod (2^{175} - 1) \).  
- \( 93 \) is odd, so \( 2^{93} \) is not a power of 4 (as powers of 4 require even exponents).  

**Conclusion:** For \( n = 175 \), the remainder \( 2^{93} \) is not a power of 4. Hence, \( n = 175 \) is a counter-example.","","true","false","true","false",""
"3MA5N0ATUVRZ45765GIQA369VYIKWT","36I764H9FR05M4CQ2M6I9EWUWYZVB7","CreativityPrism - CreativeMath","Is this solution creative?","survey","$0.01","Sun Dec 28 18:35:44 PST 2025","3","BatchId:420180;OriginalHitTemplateId:921587278;","3600","259200","Sun Jan 04 18:35:44 PST 2026","","","3C6FJU71TA9KJQ5C4YAIP7V2NLFUYS","AFA0H6QL832IJ","Approved","Sun Dec 28 23:48:16 PST 2025","Mon Dec 29 00:30:33 PST 2025","Thu Jan 01 00:30:33 PST 2026","Thu Jan 01 00:31:08 PST 2026","","","2537","100% (114/114)","100% (90/90)","100% (30/30)","2011_USAJMO_Problems_6","Consider the assertion that for each positive integer \(n \ge 2\), the remainder upon dividing \(2^{2^n}\) by \(2^n-1\) is a power of 4. Either prove the assertion or find (with proof) a counter-example.","Solution 1. We will show that \(n = 25\) is a counter-example.
Since \(\textstyle 2^n \equiv 1 \pmod{2^n - 1}\), we see that for any integer \(k\), \(\textstyle 2^{2^n} \equiv 2^{(2^n - kn)} \pmod{2^n-1}\). Let \(0 \le m < n\) be the residue of \(2^n \pmod n\). Note that since \(\textstyle m < n\) and \(\textstyle n \ge 2\), necessarily \(\textstyle 2^m < 2^n -1\), and thus the remainder in question is \(\textstyle 2^m\). We want to show that \(\textstyle 2^m \pmod {2^n-1}\) is an odd power of 2 for some \(\textstyle n\), and thus not a power of 4.
Let \(\textstyle n=p^2\) for some odd prime \(\textstyle p\). Then \(\textstyle \varphi(p^2) = p^2 - p\). Since 2 is co-prime to \(\textstyle p^2\), we have
\({2^{\varphi(p^2)} \equiv 1 \pmod{p^2}}\)
and thus
\(\textstyle 2^{p^2} \equiv 2^{(p^2 - p) + p} \equiv 2^p \pmod{p^2}.\)
Therefore, for a counter-example, it suffices that \(\textstyle 2^p \pmod{p^2}\) be odd. Choosing \(\textstyle p=5\), we have \(\textstyle 2^5 = 32 \equiv 7 \pmod{25}\). Therefore, \(\textstyle 2^{25} \equiv 7 \pmod{25}\) and thus
\(\textstyle 2^{2^{25}} \equiv 2^7 \pmod {2^{25} - 1}.\)
Since \(\textstyle 2^7\) is not a power of 4.","We demonstrate that \( n = 175 \) is a counter-example. 

**Step 1:** For \( n = 175 \), compute \( 2^{175} \mod 175 \).  
- \( 175 = 5^2 \times 7 \).  
- Using Euler’s theorem:  
  - \( \phi(25) = 20 \), so \( 2^{20} \equiv 1 \mod 25 \).  
  - \( \phi(7) = 6 \), so \( 2^6 \equiv 1 \mod 7 \).  
- Compute \( 2^{175} \mod 25 \):  
  \( 2^{175} = 2^{20 \times 8 + 15} \equiv 1^8 \times 2^{15} \equiv 2^{15} \mod 25 \).  
  \( 2^{10} \equiv 24 \mod 25 \), so \( 2^{15} \equiv 24 \times 32 \equiv 768 \equiv 18 \mod 25 \).  
- Compute \( 2^{175} \mod 7 \):  
  \( 2^{175} = 2^{6 \times 29 + 1} \equiv 1^{29} \times 2 \equiv 2 \mod 7 \).  
- Solve \( x \equiv 18 \mod 25 \) and \( x \equiv 2 \mod 7 \):  
  \( x = 25k + 18 \equiv 2 \mod 7 \Rightarrow 4k + 4 \equiv 2 \mod 7 \Rightarrow k \equiv 3 \mod 7 \).  
  Thus, \( x = 25(7m + 3) + 18 = 175m + 93 \). The minimal solution is \( x = 93 \mod 175 \).  
  Hence, \( 2^{175} \equiv 93 \mod 175 \).  

**Step 2:** Determine the remainder \( 2^{2^{175}} \mod (2^{175} - 1) \).  
- Since \( 2^{175} \equiv 93 \mod 175 \), the exponent reduces: \( 2^{2^{175}} \equiv 2^{93} \mod (2^{175} - 1) \).  
- \( 93 \) is odd, so \( 2^{93} \) is not a power of 4 (as powers of 4 require even exponents).  

**Conclusion:** For \( n = 175 \), the remainder \( 2^{93} \) is not a power of 4. Hence, \( n = 175 \) is a counter-example.","","true","false","true","false","Judge is incorrect because the prompt used requires reaching the same answer, which may confuse the judge?"
"3XD2A6FGG6AMGS76HEH0N5P8ERAS9S","36I764H9FR05M4CQ2M6I9EWUWYZVB7","CreativityPrism - CreativeMath","Is this solution creative?","survey","$0.01","Sun Dec 28 18:35:44 PST 2025","3","BatchId:420180;OriginalHitTemplateId:921587278;","3600","259200","Sun Jan 04 18:35:44 PST 2026","","","3R6P78PK74R5XM5NANY2DB2WZBITG2","AFA0H6QL832IJ","Approved","Tue Dec 30 02:11:04 PST 2025","Tue Dec 30 02:12:16 PST 2025","Fri Jan 02 02:12:16 PST 2026","Fri Jan 02 02:13:08 PST 2026","","","72","100% (114/114)","100% (90/90)","100% (30/30)","2001_AMC_10_Problems_20","A regular octagon is formed by cutting an isosceles right triangle from each of the corners of a square with sides of length \(2000\). What is the length of each side of the octagon?
\(\textbf{(A) } \frac{1}{3}(2000) \qquad \textbf{(B) } {2000(\sqrt{2}-1)} \qquad \textbf{(C) } {2000(2-\sqrt{2})} \qquad \textbf{(D) } {1000} \qquad \textbf{(E) } {1000\sqrt{2}}\)","Solution 1. First, realize that each triangle is congruent, a right triangle and that the two legs are equal. Also, each side of the octagon is equal, because of the definition of regular shapes. Let \(s\) be the length of a leg of the isosceles right triangle. In terms of \(s\), the hypotenuse of the isosceles right triangle, which is also the length of a side of the regular octagon, is \(s \sqrt{2}\). Since the length of each side of the square is 2000, the length of each side of the regular octagon is equal to the length of a side of the square (\(2000\)) subtracted by \(2\) times the length of a leg of the isosceles right triangle ( the total length of the side is \(2s+ o\), \(o\) being the length of a side of the regular octagon), which is the same as \(2s\). As an expression, this is \(2000-2s\), which we can equate to \(s \sqrt{2}\), ( since the octagon is regular, meaning all of the side's lengths are congruent) giving us the following equation:\(2000-2s = s \sqrt{2}\). By isolating the variable and simplifying the right side, we get the following: \(2000 = s(2 + \sqrt{2})\). Dividing both sides by \((2 + \sqrt{2})\), we arrive with \(\frac{2000}{2 + \sqrt{2}} = s\), now, to find the length of the side of the octagon, we can plug in \(s\) and use the equation \(2000-2s = o\), \(o\) being the length of a side of the octagon, to derive the value of a side of the octagon. After plugging in the values, we derive \(2000-2(\frac{2000}{2 + \sqrt{2}})\), which is the same as \(2000-(\frac{4000}{2 + \sqrt{2}})\), factoring out a \(2000\), we derive the following: \(2000(1-(\frac{2}{2 + \sqrt{2}}))\), by rationalizing the denominator of \(\frac{2}{2 + \sqrt{2}}\), we get \(2000(1-(2 - \sqrt{2}))\), after expanding, finally, we get \(\boxed{\textbf{(B) }2000(\sqrt{2} -1)}\) !(not a factorial symbol, just an exclamation point)","To find the length of each side of the regular octagon formed by cutting isosceles right triangles from each corner of a square with side length 2000, we can use a geometric approach that focuses on the properties of the octagon and the square.

### Solution 2: Geometric Approach

1. **Understanding the Geometry:**
   - We start with a square of side length 2000.
   - From each corner of the square, we cut out an isosceles right triangle. Let the legs of each triangle be of length \( s \).
   - The hypotenuse of each isosceles right triangle, which is also the side length of the octagon, is \( s\sqrt{2} \).

2. **Relating the Side Lengths:**
   - The side length of the square is 2000.
   - After cutting out the triangles, the remaining length of the square's side that forms the side of the octagon is \( 2000 - 2s \).

3. **Setting Up the Equation:**
   - Since the octagon is regular, all its sides are equal. Therefore, the length of each side of the octagon is \( s\sqrt{2} \).
   - We can set up the equation:
     \(
     2000 - 2s = s\sqrt{2}
     \)

4. **Solving for \( s \):**
   - Rearrange the equation to isolate \( s \):
     \(
     2000 = s\sqrt{2} + 2s
     \)
     \(
     2000 = s(\sqrt{2} + 2)
     \)
   - Solve for \( s \):
     \(
     s = \frac{2000}{\sqrt{2} + 2}
     \)

5. **Rationalizing the Denominator:**
   - To rationalize the denominator, multiply the numerator and the denominator by the conjugate of the denominator:
     \(
     s = \frac{2000}{\sqrt{2} + 2} \cdot \frac{\sqrt{2} - 2}{\sqrt{2} - 2}
     \)
     \(
     s = \frac{2000(\sqrt{2} - 2)}{(\sqrt{2} + 2)(\sqrt{2} - 2)}
     \)
     \(
     s = \frac{2000(\sqrt{2} - 2)}{2 - 4}
     \)
     \(
     s = \frac{2000(\sqrt{2} - 2)}{-2}
     \)
     \(
     s = -1000(\sqrt{2} - 2)
     \)
     \(
     s = 1000(2 - \sqrt{2})
     \)

6. **Finding the Side Length of the Octagon:**
   - The side length of the octagon is \( s\sqrt{2} \):
     \(
     s\sqrt{2} = 1000(2 - \sqrt{2})\sqrt{2}
     \)
     \(
     s\sqrt{2} = 1000(2\sqrt{2} - 2)
     \)","","true","false","true","false",""
"3IH9TRB0GUFFX91F8P8T4X127HKI1H","36I764H9FR05M4CQ2M6I9EWUWYZVB7","CreativityPrism - CreativeMath","Is this solution creative?","survey","$0.01","Sun Dec 28 18:35:44 PST 2025","3","BatchId:420180;OriginalHitTemplateId:921587278;","3600","259200","Sun Jan 04 18:35:44 PST 2026","","","3SB5N7Y3ONK4HD8WCLAST00R20LG0D","AFA0H6QL832IJ","Approved","Tue Dec 30 01:05:43 PST 2025","Tue Dec 30 01:10:09 PST 2025","Fri Jan 02 01:10:09 PST 2026","Fri Jan 02 01:11:08 PST 2026","","","266","100% (114/114)","100% (90/90)","100% (30/30)","2015_USAJMO_Problems_3","Quadrilateral \(APBQ\) is inscribed in circle \(\omega\) with \(\angle P = \angle Q = 90^{\circ}\) and \(AP = AQ < BP\). Let \(X\) be a variable point on segment \(\overline{PQ}\). Line \(AX\) meets \(\omega\) again at \(S\) (other than \(A\)). Point \(T\) lies on arc \(AQB\) of \(\omega\) such that \(\overline{XT}\) is perpendicular to \(\overline{AX}\). Let \(M\) denote the midpoint of chord \(\overline{ST}\). As \(X\) varies on segment \(\overline{PQ}\), show that \(M\) moves along a circle.","Solution 1. [asy] size(8cm); pair A=(1,0); pair B=(-1,0); pair P=dir(70); pair Q=dir(-70); pair O=(0,0);  pair X=0.3*P + 0.7*Q; pair Y=5*X-4*A; pair S=intersectionpoints(A--Y,circle(O,1))[1]; pair Z=(A-X)*dir(-90) + X; pair T=intersectionpoint(X--Z,circle(O,1)); pair M=(S+T)/2;  draw(circle(O,1)); draw(B--A--P--B--Q--A--S--T--X); draw(P--Q); dot(""\(A\)"",A,dir(A)); dot(""\(B\)"",B,dir(B)); dot(""\(P\)"",P,dir(P)); dot(""\(Q\)"",Q,dir(Q)); dot(""\(X\)"", X, SE); dot(""\(S\)"",S,dir(S)); dot(""\(T\)"",T,dir(T)); dot(""\(M\)"",M,dir(M)); dot((0,0)); [/asy]

We will use coordinate geometry.
Without loss of generality,
let the circle be the unit circle centered at the origin, 
\(A=(1,0) P=(1-a,b), Q=(1-a,-b)\),
where \((1-a)^2+b^2=1\).
Let angle \(\angle XAB=A\), which is an acute angle, \(\tan{A}=t\), then \(X=(1-a,at)\).
Angle \(\angle BOS=2A\), \(S=(-\cos(2A),\sin(2A))\).
Let \(M=(u,v)\), then \(T=(2u+\cos(2A), 2v-\sin(2A))\).
The condition \(TX \perp AX\) yields: \((2v-\sin(2A)-at)/(2u+\cos(2A)+a-1)=\cot A.\)     (E1)
Use identities \((\cos A)^2=1/(1+t^2)\),  \(\cos(2A)=2(\cos A)^2-1= 2/(1+t^2) -1\), \(\sin(2A)=2\sin A\cos A=2t^2/(1+t^2)\), we obtain \(2vt-at^2=2u+a\).   (E1')
The condition that \(T\) is on the circle yields \((2u+\cos(2A))^2+ (2v-\sin(2A))^2=1\), namely \(v\sin(2A)-u\cos(2A)=u^2+v^2\).   (E2)
\(M\) is the mid-point on the hypotenuse of triangle \(STX\), hence \(MS=MX\), yielding \((u+\cos(2A))^2+(v-\sin(2A))^2=(u+a-1)^2+(v-at)^2\).   (E3)
Expand (E3), using (E2) to replace \(2(v\sin(2A)-u\cos(2A))\) with \(2(u^2+v^2)\), and using (E1') to replace \(a(-2vt+at^2)\) with \(-a(2u+a)\), and we obtain
\(u^2-u-a+v^2=0\), namely \((u-\frac{1}{2})^2+v^2=a+\frac{1}{4}\), which is a circle centered at \((\frac{1}{2},0)\) with radius \(r=\sqrt{a+\frac{1}{4}}\).


<br><br>==========<br>
Solution 2. Let the midpoint of \(AO\) be \(K\). We claim that \(M\) moves along a circle with radius \(KP\).
We will show that \(KM^2 = KP^2\), which implies that \(KM = KP\), and as \(KP\) is fixed, this implies the claim.
\(KM^2 = \frac{AM^2+OM^2}{2}-\frac{AO^2}{4}\) by the median formula on \(\triangle AMO\).
\(KP^2 = \frac{AP^2+OP^2}{2}-\frac{AO^2}{4}\) by the median formula on \(\triangle APO\).
\(KM^2-KP^2 = \frac{1}{2}(AM^2+OM^2-AP^2-OP^2)\).
As \(OP = OT\), \(OP^2-OM^2 = MT^2\) from right triangle \(OMT\). \((1)\)
By \((1)\), \(KM^2-KP^2 = \frac{1}{2}(AM^2-MT^2-AP^2)\).
Since \(M\) is the circumcenter of \(\triangle XTS\), and \(MT\) is the circumradius, the expression \(AM^2-MT^2\) is the power of point \(A\) with respect to \((XTS)\). However, as \(AX*AS\) is also the power of point \(A\) with respect to \((XTS)\), this implies that \(AM^2-MT^2=AX*AS\). \((2)\)
By \((2)\), \(KM^2-KP^2 = \frac{1}{2}(AX*AS-AP^2)\)
Finally, \(\triangle APX \sim \triangle ASP\) by AA similarity (\(\angle XAP = \angle SAP\) and \(\angle APX = \angle AQP = \angle ASP\)), so \(AX*AS = AP^2\). \((3)\)
By \((3)\), \(KM^2-KP^2=0\), so \(KM^2=KP^2\), as desired.","### Solution 3: Geometric Approach Using Cyclic Quadrilaterals and Power of a Point

Given:
- Quadrilateral \(APBQ\) is inscribed in circle \(\omega\) with \(\angle P = \angle Q = 90^\circ\) and \(AP = AQ < BP\).
- \(X\) is a variable point on segment \(\overline{PQ}\).
- Line \(AX\) meets \(\omega\) again at \(S\) (other than \(A\)).
- Point \(T\) lies on arc \(AQB\) of \(\omega\) such that \(\overline{XT}\) is perpendicular to \(\overline{AX}\).
- \(M\) is the midpoint of chord \(\overline{ST}\).

We need to show that as \(X\) varies on segment \(\overline{PQ}\), \(M\) moves along a circle.

### Step-by-Step Solution:

1. **Identify Key Properties:**
   - Since \(\angle P = \angle Q = 90^\circ\), \(P\) and \(Q\) are endpoints of the diameter of \(\omega\).
   - \(AP = AQ\) implies that \(A\) is equidistant from \(P\) and \(Q\), and thus \(A\) lies on the perpendicular bisector of \(\overline{PQ}\).

2. **Cyclic Quadrilateral Properties:**
   - Since \(APBQ\) is cyclic, \(\angle APB = \angle AQB = 90^\circ\).
   - \(S\) and \(T\) are points on \(\omega\) such that \(\overline{XT} \perp \overline{AX}\).

3. **Power of a Point:**
   - The power of point \(A\) with respect to \(\omega\) is \(AP \cdot AQ\).
   - Since \(AP = AQ\), the power of \(A\) is \(AP^2\).

4. **Midpoint \(M\) of Chord \(\overline{ST}\):**
   - \(M\) is the midpoint of \(\overline{ST}\), and thus \(M\) lies on the perpendicular bisector of \(\overline{ST}\).

5. **Perpendicularity and Cyclic Quadrilateral:**
   - Since \(\overline{XT} \perp \overline{AX}\), \(\angle AXT = 90^\circ\).
   - This implies that \(X\) lies on the circle with diameter \(\overline{AT}\).

6. **Circumcenter of \(\triangle XTS\):**
   - \(M\) is the circumcenter of \(\triangle XTS\) because it is the midpoint of the hypotenuse of the right triangle \(\triangle XTS\).

7. **Fixed Distance from \(A\):**
   - The distance \(AM\) is the circumradius of \(\triangle XTS\).
   - Since \(X\) lies on the circle with diameter \(\overline{AT}\), the circumradius of \(\triangle XTS\) is half the length of \(\overline{AT}\).

8. **Fixed Circle for \(M\):**
   - As \(X\) varies on \(\overline{PQ}\), \(T\) varies on arc \(AQB\).
   - The distance \(AM\) remains constant because \(A\) is fixed and the circumradius of \(\triangle XTS\) is half the length of \(\overline{AT}\), which is fixed.

9. **Conclusion:**
   - Since \(AM\) is constant, \(M\) moves along a circle centered at \(A\) with radius equal to half the length of \(\overline{AT}\).

Thus, as \(X\) varies on segment \(\overline{PQ}\), \(M\) moves along a circle.

\(
\boxed{M \text{ moves along a circle.}}
\)","","false","true","true","false",""